date,News Sentiment
1/1/00,0.27
1/2/00,0.28
1/3/00,0.30
1/4/00,0.27
1/5/00,0.29
1/6/00,0.30
1/7/00,0.30
1/8/00,0.29
1/9/00,0.27
1/10/00,0.27
1/11/00,0.27
1/12/00,0.28
1/13/00,0.29
1/14/00,0.30
1/15/00,0.33
1/16/00,0.32
1/17/00,0.32
1/18/00,0.32
1/19/00,0.32
1/20/00,0.32
1/21/00,0.31
1/22/00,0.31
1/23/00,0.31
1/24/00,0.30
1/25/00,0.30
1/26/00,0.31
1/27/00,0.30
1/28/00,0.31
1/29/00,0.30
1/30/00,0.28
1/31/00,0.27
2/1/00,0.28
2/2/00,0.28
2/3/00,0.28
2/4/00,0.27
2/5/00,0.26
2/6/00,0.27
2/7/00,0.28
2/8/00,0.28
2/9/00,0.29
2/10/00,0.27
2/11/00,0.26
2/12/00,0.25
2/13/00,0.25
2/14/00,0.24
2/15/00,0.25
2/16/00,0.27
2/17/00,0.26
2/18/00,0.26
2/19/00,0.23
2/20/00,0.23
2/21/00,0.23
2/22/00,0.21
2/23/00,0.22
2/24/00,0.22
2/25/00,0.21
2/26/00,0.23
2/27/00,0.21
2/28/00,0.21
2/29/00,0.20
3/1/00,0.19
3/2/00,0.21
3/3/00,0.22
3/4/00,0.21
3/5/00,0.23
3/6/00,0.23
3/7/00,0.22
3/8/00,0.24
3/9/00,0.24
3/10/00,0.23
3/11/00,0.22
3/12/00,0.23
3/13/00,0.22
3/14/00,0.21
3/15/00,0.21
3/16/00,0.20
3/17/00,0.19
3/18/00,0.22
3/19/00,0.23
3/20/00,0.25
3/21/00,0.25
3/22/00,0.24
3/23/00,0.22
3/24/00,0.21
3/25/00,0.20
3/26/00,0.22
3/27/00,0.22
3/28/00,0.23
3/29/00,0.24
3/30/00,0.25
3/31/00,0.24
4/1/00,0.23
4/2/00,0.23
4/3/00,0.23
4/4/00,0.24
4/5/00,0.24
4/6/00,0.22
4/7/00,0.22
4/8/00,0.23
4/9/00,0.23
4/10/00,0.23
4/11/00,0.26
4/12/00,0.25
4/13/00,0.23
4/14/00,0.22
4/15/00,0.20
4/16/00,0.20
4/17/00,0.20
4/18/00,0.20
4/19/00,0.20
4/20/00,0.17
4/21/00,0.17
4/22/00,0.14
4/23/00,0.13
4/24/00,0.12
4/25/00,0.05
4/26/00,0.05
4/27/00,0.08
4/28/00,0.08
4/29/00,0.13
4/30/00,0.13
5/1/00,0.14
5/2/00,0.14
5/3/00,0.13
5/4/00,0.14
5/5/00,0.15
5/6/00,0.15
5/7/00,0.17
5/8/00,0.17
5/9/00,0.17
5/10/00,0.18
5/11/00,0.18
5/12/00,0.18
5/13/00,0.21
5/14/00,0.22
5/15/00,0.23
5/16/00,0.23
5/17/00,0.24
5/18/00,0.24
5/19/00,0.25
5/20/00,0.24
5/21/00,0.24
5/22/00,0.25
5/23/00,0.24
5/24/00,0.24
5/25/00,0.24
5/26/00,0.24
5/27/00,0.22
5/28/00,0.23
5/29/00,0.23
5/30/00,0.22
5/31/00,0.22
6/1/00,0.21
6/2/00,0.22
6/3/00,0.21
6/4/00,0.23
6/5/00,0.23
6/6/00,0.22
6/7/00,0.23
6/8/00,0.23
6/9/00,0.23
6/10/00,0.23
6/11/00,0.24
6/12/00,0.24
6/13/00,0.25
6/14/00,0.25
6/15/00,0.26
6/16/00,0.25
6/17/00,0.25
6/18/00,0.26
6/19/00,0.26
6/20/00,0.25
6/21/00,0.24
6/22/00,0.21
6/23/00,0.20
6/24/00,0.20
6/25/00,0.21
6/26/00,0.22
6/27/00,0.21
6/28/00,0.21
6/29/00,0.21
6/30/00,0.21
7/1/00,0.19
7/2/00,0.20
7/3/00,0.23
7/4/00,0.20
7/5/00,0.22
7/6/00,0.20
7/7/00,0.20
7/8/00,0.20
7/9/00,0.21
7/10/00,0.22
7/11/00,0.23
7/12/00,0.23
7/13/00,0.25
7/14/00,0.24
7/15/00,0.25
7/16/00,0.25
7/17/00,0.26
7/18/00,0.28
7/19/00,0.27
7/20/00,0.25
7/21/00,0.25
7/22/00,0.24
7/23/00,0.25
7/24/00,0.25
7/25/00,0.25
7/26/00,0.25
7/27/00,0.23
7/28/00,0.24
7/29/00,0.24
7/30/00,0.24
7/31/00,0.25
8/1/00,0.26
8/2/00,0.27
8/3/00,0.28
8/4/00,0.27
8/5/00,0.31
8/6/00,0.30
8/7/00,0.29
8/8/00,0.29
8/9/00,0.29
8/10/00,0.30
8/11/00,0.30
8/12/00,0.30
8/13/00,0.33
8/14/00,0.33
8/15/00,0.33
8/16/00,0.33
8/17/00,0.33
8/18/00,0.32
8/19/00,0.29
8/20/00,0.31
8/21/00,0.30
8/22/00,0.30
8/23/00,0.31
8/24/00,0.31
8/25/00,0.28
8/26/00,0.27
8/27/00,0.29
8/28/00,0.28
8/29/00,0.29
8/30/00,0.27
8/31/00,0.26
9/1/00,0.26
9/2/00,0.25
9/3/00,0.25
9/4/00,0.28
9/5/00,0.28
9/6/00,0.28
9/7/00,0.28
9/8/00,0.25
9/9/00,0.21
9/10/00,0.22
9/11/00,0.24
9/12/00,0.25
9/13/00,0.26
9/14/00,0.24
9/15/00,0.23
9/16/00,0.25
9/17/00,0.25
9/18/00,0.23
9/19/00,0.21
9/20/00,0.21
9/21/00,0.19
9/22/00,0.19
9/23/00,0.18
9/24/00,0.18
9/25/00,0.20
9/26/00,0.18
9/27/00,0.19
9/28/00,0.19
9/29/00,0.19
9/30/00,0.18
10/1/00,0.18
10/2/00,0.19
10/3/00,0.18
10/4/00,0.18
10/5/00,0.17
10/6/00,0.15
10/7/00,0.10
10/8/00,0.11
10/9/00,0.12
10/10/00,0.14
10/11/00,0.16
10/12/00,0.16
10/13/00,0.15
10/14/00,0.13
10/15/00,0.14
10/16/00,0.14
10/17/00,0.15
10/18/00,0.15
10/19/00,0.16
10/20/00,0.17
10/21/00,0.19
10/22/00,0.19
10/23/00,0.20
10/24/00,0.22
10/25/00,0.23
10/26/00,0.22
10/27/00,0.22
10/28/00,0.23
10/29/00,0.23
10/30/00,0.23
10/31/00,0.22
11/1/00,0.24
11/2/00,0.23
11/3/00,0.25
11/4/00,0.29
11/5/00,0.28
11/6/00,0.28
11/7/00,0.26
11/8/00,0.27
11/9/00,0.27
11/10/00,0.23
11/11/00,0.23
11/12/00,0.20
11/13/00,0.20
11/14/00,0.17
11/15/00,0.17
11/16/00,0.18
11/17/00,0.17
11/18/00,0.11
11/19/00,0.14
11/20/00,0.16
11/21/00,0.15
11/22/00,0.13
11/23/00,0.12
11/24/00,0.15
11/25/00,0.16
11/26/00,0.18
11/27/00,0.18
11/28/00,0.17
11/29/00,0.18
11/30/00,0.16
12/1/00,0.16
12/2/00,0.13
12/3/00,0.14
12/4/00,0.15
12/5/00,0.16
12/6/00,0.16
12/7/00,0.15
12/8/00,0.13
12/9/00,0.11
12/10/00,0.14
12/11/00,0.12
12/12/00,0.13
12/13/00,0.16
12/14/00,0.16
12/15/00,0.16
12/16/00,0.17
12/17/00,0.16
12/18/00,0.17
12/19/00,0.16
12/20/00,0.14
12/21/00,0.15
12/22/00,0.14
12/23/00,0.10
12/24/00,0.11
12/25/00,0.15
12/26/00,0.16
12/27/00,0.17
12/28/00,0.17
12/29/00,0.16
12/30/00,0.14
12/31/00,0.15
1/1/01,0.15
1/2/01,0.15
1/3/01,0.13
1/4/01,0.13
1/5/01,0.12
1/6/01,0.08
1/7/01,0.08
1/8/01,0.09
1/9/01,0.11
1/10/01,0.11
1/11/01,0.12
1/12/01,0.11
1/13/01,0.10
1/14/01,0.09
1/15/01,0.11
1/16/01,0.10
1/17/01,0.09
1/18/01,0.09
1/19/01,0.10
1/20/01,0.08
1/21/01,0.09
1/22/01,0.08
1/23/01,0.09
1/24/01,0.08
1/25/01,0.10
1/26/01,0.09
1/27/01,0.12
1/28/01,0.11
1/29/01,0.11
1/30/01,0.10
1/31/01,0.11
2/1/01,0.10
2/2/01,0.11
2/3/01,0.08
2/4/01,0.08
2/5/01,0.08
2/6/01,0.10
2/7/01,0.11
2/8/01,0.11
2/9/01,0.11
2/10/01,0.12
2/11/01,0.13
2/12/01,0.11
2/13/01,0.13
2/14/01,0.12
2/15/01,0.12
2/16/01,0.11
2/17/01,0.09
2/18/01,0.10
2/19/01,0.12
2/20/01,0.12
2/21/01,0.13
2/22/01,0.11
2/23/01,0.10
2/24/01,0.09
2/25/01,0.09
2/26/01,0.09
2/27/01,0.09
2/28/01,0.09
3/1/01,0.09
3/2/01,0.07
3/3/01,0.04
3/4/01,0.06
3/5/01,0.06
3/6/01,0.05
3/7/01,0.06
3/8/01,0.06
3/9/01,0.05
3/10/01,0.02
3/11/01,0.03
3/12/01,0.04
3/13/01,0.02
3/14/01,-0.01
3/15/01,-0.02
3/16/01,-0.05
3/17/01,-0.07
3/18/01,-0.06
3/19/01,-0.07
3/20/01,-0.07
3/21/01,-0.07
3/22/01,-0.07
3/23/01,-0.08
3/24/01,-0.05
3/25/01,-0.01
3/26/01,-0.01
3/27/01,-0.01
3/28/01,0.01
3/29/01,0.03
3/30/01,0.03
3/31/01,0.07
4/1/01,0.12
4/2/01,0.12
4/3/01,0.11
4/4/01,0.10
4/5/01,0.09
4/6/01,0.06
4/7/01,0.04
4/8/01,0.06
4/9/01,0.06
4/10/01,0.06
4/11/01,0.09
4/12/01,0.08
4/13/01,0.06
4/14/01,0.08
4/15/01,0.10
4/16/01,0.11
4/17/01,0.11
4/18/01,0.10
4/19/01,0.10
4/20/01,0.10
4/21/01,0.08
4/22/01,0.10
4/23/01,0.11
4/24/01,0.11
4/25/01,0.12
4/26/01,0.13
4/27/01,0.13
4/28/01,0.12
4/29/01,0.14
4/30/01,0.15
5/1/01,0.14
5/2/01,0.16
5/3/01,0.15
5/4/01,0.14
5/5/01,0.09
5/6/01,0.11
5/7/01,0.11
5/8/01,0.11
5/9/01,0.12
5/10/01,0.13
5/11/01,0.13
5/12/01,0.14
5/13/01,0.17
5/14/01,0.17
5/15/01,0.16
5/16/01,0.14
5/17/01,0.16
5/18/01,0.16
5/19/01,0.16
5/20/01,0.17
5/21/01,0.17
5/22/01,0.16
5/23/01,0.16
5/24/01,0.17
5/25/01,0.15
5/26/01,0.16
5/27/01,0.16
5/28/01,0.17
5/29/01,0.15
5/30/01,0.16
5/31/01,0.17
6/1/01,0.13
6/2/01,0.11
6/3/01,0.12
6/4/01,0.14
6/5/01,0.13
6/6/01,0.14
6/7/01,0.12
6/8/01,0.10
6/9/01,0.10
6/10/01,0.12
6/11/01,0.14
6/12/01,0.14
6/13/01,0.13
6/14/01,0.12
6/15/01,0.09
6/16/01,0.07
6/17/01,0.07
6/18/01,0.06
6/19/01,0.06
6/20/01,0.07
6/21/01,0.08
6/22/01,0.07
6/23/01,0.06
6/24/01,0.08
6/25/01,0.07
6/26/01,0.06
6/27/01,0.06
6/28/01,0.05
6/29/01,0.04
6/30/01,0.04
7/1/01,0.06
7/2/01,0.07
7/3/01,0.09
7/4/01,0.10
7/5/01,0.12
7/6/01,0.10
7/7/01,0.06
7/8/01,0.07
7/9/01,0.07
7/10/01,0.05
7/11/01,0.05
7/12/01,0.06
7/13/01,0.04
7/14/01,0.04
7/15/01,0.07
7/16/01,0.08
7/17/01,0.07
7/18/01,0.05
7/19/01,0.04
7/20/01,0.03
7/21/01,0.03
7/22/01,0.04
7/23/01,0.02
7/24/01,0.03
7/25/01,0.03
7/26/01,0.05
7/27/01,0.04
7/28/01,0.02
7/29/01,0.03
7/30/01,0.03
7/31/01,0.02
8/1/01,0.02
8/2/01,0.03
8/3/01,0.02
8/4/01,0.01
8/5/01,0.02
8/6/01,0.02
8/7/01,0.03
8/8/01,0.03
8/9/01,0.03
8/10/01,0.02
8/11/01,0.00
8/12/01,0.03
8/13/01,0.04
8/14/01,0.05
8/15/01,0.07
8/16/01,0.07
8/17/01,0.05
8/18/01,0.02
8/19/01,0.02
8/20/01,0.02
8/21/01,0.01
8/22/01,-0.01
8/23/01,0.00
8/24/01,-0.01
8/25/01,-0.01
8/26/01,-0.02
8/27/01,-0.02
8/28/01,-0.03
8/29/01,-0.01
8/30/01,-0.01
8/31/01,-0.02
9/1/01,-0.01
9/2/01,-0.01
9/3/01,0.03
9/4/01,0.04
9/5/01,0.06
9/6/01,0.06
9/7/01,0.04
9/8/01,-0.01
9/9/01,0.00
9/10/01,0.00
9/11/01,0.00
9/12/01,-0.05
9/13/01,-0.09
9/14/01,-0.13
9/15/01,-0.15
9/16/01,-0.16
9/17/01,-0.18
9/18/01,-0.20
9/19/01,-0.22
9/20/01,-0.25
9/21/01,-0.29
9/22/01,-0.30
9/23/01,-0.30
9/24/01,-0.31
9/25/01,-0.32
9/26/01,-0.32
9/27/01,-0.32
9/28/01,-0.32
9/29/01,-0.33
9/30/01,-0.30
10/1/01,-0.32
10/2/01,-0.33
10/3/01,-0.32
10/4/01,-0.30
10/5/01,-0.32
10/6/01,-0.31
10/7/01,-0.31
10/8/01,-0.32
10/9/01,-0.32
10/10/01,-0.34
10/11/01,-0.33
10/12/01,-0.34
10/13/01,-0.35
10/14/01,-0.34
10/15/01,-0.32
10/16/01,-0.33
10/17/01,-0.34
10/18/01,-0.35
10/19/01,-0.39
10/20/01,-0.38
10/21/01,-0.40
10/22/01,-0.39
10/23/01,-0.39
10/24/01,-0.38
10/25/01,-0.35
10/26/01,-0.34
10/27/01,-0.33
10/28/01,-0.31
10/29/01,-0.29
10/30/01,-0.30
10/31/01,-0.30
11/1/01,-0.29
11/2/01,-0.30
11/3/01,-0.32
11/4/01,-0.29
11/5/01,-0.27
11/6/01,-0.27
11/7/01,-0.26
11/8/01,-0.25
11/9/01,-0.24
11/10/01,-0.27
11/11/01,-0.24
11/12/01,-0.23
11/13/01,-0.24
11/14/01,-0.23
11/15/01,-0.24
11/16/01,-0.25
11/17/01,-0.24
11/18/01,-0.23
11/19/01,-0.20
11/20/01,-0.18
11/21/01,-0.19
11/22/01,-0.17
11/23/01,-0.16
11/24/01,-0.17
11/25/01,-0.16
11/26/01,-0.15
11/27/01,-0.16
11/28/01,-0.16
11/29/01,-0.15
11/30/01,-0.16
12/1/01,-0.17
12/2/01,-0.16
12/3/01,-0.14
12/4/01,-0.15
12/5/01,-0.15
12/6/01,-0.15
12/7/01,-0.15
12/8/01,-0.19
12/9/01,-0.18
12/10/01,-0.17
12/11/01,-0.17
12/12/01,-0.18
12/13/01,-0.18
12/14/01,-0.19
12/15/01,-0.20
12/16/01,-0.19
12/17/01,-0.18
12/18/01,-0.18
12/19/01,-0.18
12/20/01,-0.18
12/21/01,-0.19
12/22/01,-0.20
12/23/01,-0.20
12/24/01,-0.19
12/25/01,-0.16
12/26/01,-0.17
12/27/01,-0.17
12/28/01,-0.14
12/29/01,-0.12
12/30/01,-0.10
12/31/01,-0.08
1/1/02,-0.08
1/2/02,-0.08
1/3/02,-0.08
1/4/02,-0.09
1/5/02,-0.13
1/6/02,-0.13
1/7/02,-0.12
1/8/02,-0.14
1/9/02,-0.14
1/10/02,-0.14
1/11/02,-0.14
1/12/02,-0.14
1/13/02,-0.13
1/14/02,-0.13
1/15/02,-0.12
1/16/02,-0.12
1/17/02,-0.11
1/18/02,-0.11
1/19/02,-0.12
1/20/02,-0.12
1/21/02,-0.11
1/22/02,-0.09
1/23/02,-0.08
1/24/02,-0.09
1/25/02,-0.10
1/26/02,-0.11
1/27/02,-0.10
1/28/02,-0.08
1/29/02,-0.08
1/30/02,-0.09
1/31/02,-0.08
2/1/02,-0.09
2/2/02,-0.10
2/3/02,-0.10
2/4/02,-0.10
2/5/02,-0.10
2/6/02,-0.09
2/7/02,-0.10
2/8/02,-0.11
2/9/02,-0.12
2/10/02,-0.11
2/11/02,-0.11
2/12/02,-0.12
2/13/02,-0.12
2/14/02,-0.11
2/15/02,-0.12
2/16/02,-0.13
2/17/02,-0.11
2/18/02,-0.09
2/19/02,-0.08
2/20/02,-0.09
2/21/02,-0.09
2/22/02,-0.09
2/23/02,-0.09
2/24/02,-0.08
2/25/02,-0.07
2/26/02,-0.07
2/27/02,-0.06
2/28/02,-0.07
3/1/02,-0.08
3/2/02,-0.04
3/3/02,-0.02
3/4/02,-0.01
3/5/02,-0.02
3/6/02,-0.02
3/7/02,-0.02
3/8/02,-0.03
3/9/02,-0.04
3/10/02,-0.02
3/11/02,-0.01
3/12/02,-0.03
3/13/02,-0.04
3/14/02,-0.04
3/15/02,-0.05
3/16/02,-0.06
3/17/02,-0.04
3/18/02,-0.03
3/19/02,-0.03
3/20/02,-0.03
3/21/02,-0.03
3/22/02,-0.03
3/23/02,-0.05
3/24/02,-0.03
3/25/02,-0.02
3/26/02,-0.03
3/27/02,-0.02
3/28/02,0.00
3/29/02,0.00
3/30/02,0.00
3/31/02,-0.01
4/1/02,-0.01
4/2/02,-0.02
4/3/02,-0.03
4/4/02,-0.04
4/5/02,-0.05
4/6/02,-0.05
4/7/02,-0.03
4/8/02,-0.02
4/9/02,-0.02
4/10/02,-0.03
4/11/02,-0.03
4/12/02,-0.04
4/13/02,-0.06
4/14/02,-0.06
4/15/02,-0.06
4/16/02,-0.07
4/17/02,-0.07
4/18/02,-0.06
4/19/02,-0.07
4/20/02,-0.08
4/21/02,-0.07
4/22/02,-0.07
4/23/02,-0.09
4/24/02,-0.10
4/25/02,-0.09
4/26/02,-0.10
4/27/02,-0.11
4/28/02,-0.10
4/29/02,-0.08
4/30/02,-0.08
5/1/02,-0.08
5/2/02,-0.08
5/3/02,-0.09
5/4/02,-0.10
5/5/02,-0.06
5/6/02,-0.06
5/7/02,-0.05
5/8/02,-0.05
5/9/02,-0.05
5/10/02,-0.06
5/11/02,-0.07
5/12/02,-0.07
5/13/02,-0.06
5/14/02,-0.05
5/15/02,-0.05
5/16/02,-0.06
5/17/02,-0.06
5/18/02,-0.09
5/19/02,-0.08
5/20/02,-0.08
5/21/02,-0.08
5/22/02,-0.07
5/23/02,-0.07
5/24/02,-0.07
5/25/02,-0.07
5/26/02,-0.06
5/27/02,-0.05
5/28/02,-0.06
5/29/02,-0.06
5/30/02,-0.05
5/31/02,-0.05
6/1/02,-0.06
6/2/02,-0.04
6/3/02,-0.04
6/4/02,-0.04
6/5/02,-0.05
6/6/02,-0.04
6/7/02,-0.06
6/8/02,-0.07
6/9/02,-0.06
6/10/02,-0.04
6/11/02,-0.06
6/12/02,-0.06
6/13/02,-0.08
6/14/02,-0.08
6/15/02,-0.08
6/16/02,-0.07
6/17/02,-0.08
6/18/02,-0.09
6/19/02,-0.10
6/20/02,-0.09
6/21/02,-0.11
6/22/02,-0.12
6/23/02,-0.11
6/24/02,-0.11
6/25/02,-0.12
6/26/02,-0.12
6/27/02,-0.12
6/28/02,-0.14
6/29/02,-0.14
6/30/02,-0.14
7/1/02,-0.13
7/2/02,-0.14
7/3/02,-0.15
7/4/02,-0.15
7/5/02,-0.13
7/6/02,-0.15
7/7/02,-0.15
7/8/02,-0.15
7/9/02,-0.14
7/10/02,-0.16
7/11/02,-0.14
7/12/02,-0.16
7/13/02,-0.19
7/14/02,-0.18
7/15/02,-0.19
7/16/02,-0.18
7/17/02,-0.18
7/18/02,-0.17
7/19/02,-0.18
7/20/02,-0.18
7/21/02,-0.17
7/22/02,-0.18
7/23/02,-0.18
7/24/02,-0.17
7/25/02,-0.18
7/26/02,-0.18
7/27/02,-0.18
7/28/02,-0.18
7/29/02,-0.17
7/30/02,-0.15
7/31/02,-0.14
8/1/02,-0.13
8/2/02,-0.14
8/3/02,-0.15
8/4/02,-0.15
8/5/02,-0.13
8/6/02,-0.12
8/7/02,-0.11
8/8/02,-0.10
8/9/02,-0.10
8/10/02,-0.09
8/11/02,-0.07
8/12/02,-0.07
8/13/02,-0.08
8/14/02,-0.08
8/15/02,-0.06
8/16/02,-0.06
8/17/02,-0.07
8/18/02,-0.06
8/19/02,-0.05
8/20/02,-0.04
8/21/02,-0.07
8/22/02,-0.06
8/23/02,-0.07
8/24/02,-0.09
8/25/02,-0.07
8/26/02,-0.07
8/27/02,-0.08
8/28/02,-0.09
8/29/02,-0.08
8/30/02,-0.09
8/31/02,-0.10
9/1/02,-0.08
9/2/02,-0.08
9/3/02,-0.08
9/4/02,-0.10
9/5/02,-0.09
9/6/02,-0.11
9/7/02,-0.12
9/8/02,-0.12
9/9/02,-0.12
9/10/02,-0.13
9/11/02,-0.14
9/12/02,-0.12
9/13/02,-0.14
9/14/02,-0.15
9/15/02,-0.12
9/16/02,-0.11
9/17/02,-0.13
9/18/02,-0.13
9/19/02,-0.12
9/20/02,-0.13
9/21/02,-0.15
9/22/02,-0.14
9/23/02,-0.13
9/24/02,-0.15
9/25/02,-0.17
9/26/02,-0.17
9/27/02,-0.17
9/28/02,-0.19
9/29/02,-0.19
9/30/02,-0.20
10/1/02,-0.20
10/2/02,-0.20
10/3/02,-0.20
10/4/02,-0.21
10/5/02,-0.22
10/6/02,-0.22
10/7/02,-0.22
10/8/02,-0.22
10/9/02,-0.23
10/10/02,-0.22
10/11/02,-0.22
10/12/02,-0.22
10/13/02,-0.21
10/14/02,-0.19
10/15/02,-0.20
10/16/02,-0.19
10/17/02,-0.17
10/18/02,-0.17
10/19/02,-0.17
10/20/02,-0.14
10/21/02,-0.13
10/22/02,-0.13
10/23/02,-0.13
10/24/02,-0.11
10/25/02,-0.13
10/26/02,-0.14
10/27/02,-0.11
10/28/02,-0.10
10/29/02,-0.09
10/30/02,-0.09
10/31/02,-0.08
11/1/02,-0.08
11/2/02,-0.10
11/3/02,-0.09
11/4/02,-0.08
11/5/02,-0.09
11/6/02,-0.10
11/7/02,-0.09
11/8/02,-0.08
11/9/02,-0.09
11/10/02,-0.07
11/11/02,-0.08
11/12/02,-0.07
11/13/02,-0.08
11/14/02,-0.08
11/15/02,-0.08
11/16/02,-0.07
11/17/02,-0.06
11/18/02,-0.06
11/19/02,-0.06
11/20/02,-0.06
11/21/02,-0.04
11/22/02,-0.05
11/23/02,-0.05
11/24/02,-0.05
11/25/02,-0.03
11/26/02,-0.04
11/27/02,-0.03
11/28/02,0.00
11/29/02,-0.02
11/30/02,-0.03
12/1/02,0.00
12/2/02,0.00
12/3/02,0.00
12/4/02,0.00
12/5/02,0.00
12/6/02,-0.02
12/7/02,-0.02
12/8/02,-0.03
12/9/02,-0.03
12/10/02,-0.03
12/11/02,-0.03
12/12/02,-0.02
12/13/02,-0.04
12/14/02,-0.05
12/15/02,-0.04
12/16/02,-0.03
12/17/02,-0.03
12/18/02,-0.05
12/19/02,-0.05
12/20/02,-0.06
12/21/02,-0.08
12/22/02,-0.07
12/23/02,-0.06
12/24/02,-0.06
12/25/02,-0.08
12/26/02,-0.05
12/27/02,-0.07
12/28/02,-0.09
12/29/02,-0.09
12/30/02,-0.07
12/31/02,-0.08
1/1/03,-0.09
1/2/03,-0.09
1/3/03,-0.08
1/4/03,-0.07
1/5/03,-0.05
1/6/03,-0.05
1/7/03,-0.03
1/8/03,-0.02
1/9/03,-0.02
1/10/03,-0.02
1/11/03,-0.05
1/12/03,-0.05
1/13/03,-0.04
1/14/03,-0.04
1/15/03,-0.03
1/16/03,-0.04
1/17/03,-0.04
1/18/03,-0.07
1/19/03,-0.05
1/20/03,-0.05
1/21/03,-0.05
1/22/03,-0.05
1/23/03,-0.05
1/24/03,-0.04
1/25/03,-0.05
1/26/03,-0.04
1/27/03,-0.04
1/28/03,-0.06
1/29/03,-0.06
1/30/03,-0.07
1/31/03,-0.07
2/1/03,-0.07
2/2/03,-0.06
2/3/03,-0.06
2/4/03,-0.06
2/5/03,-0.08
2/6/03,-0.08
2/7/03,-0.09
2/8/03,-0.10
2/9/03,-0.09
2/10/03,-0.07
2/11/03,-0.07
2/12/03,-0.08
2/13/03,-0.08
2/14/03,-0.09
2/15/03,-0.09
2/16/03,-0.07
2/17/03,-0.07
2/18/03,-0.06
2/19/03,-0.06
2/20/03,-0.06
2/21/03,-0.08
2/22/03,-0.08
2/23/03,-0.08
2/24/03,-0.07
2/25/03,-0.07
2/26/03,-0.07
2/27/03,-0.07
2/28/03,-0.09
3/1/03,-0.10
3/2/03,-0.10
3/3/03,-0.09
3/4/03,-0.10
3/5/03,-0.10
3/6/03,-0.11
3/7/03,-0.12
3/8/03,-0.14
3/9/03,-0.14
3/10/03,-0.16
3/11/03,-0.17
3/12/03,-0.18
3/13/03,-0.16
3/14/03,-0.18
3/15/03,-0.19
3/16/03,-0.19
3/17/03,-0.19
3/18/03,-0.20
3/19/03,-0.21
3/20/03,-0.22
3/21/03,-0.23
3/22/03,-0.23
3/23/03,-0.23
3/24/03,-0.22
3/25/03,-0.24
3/26/03,-0.24
3/27/03,-0.24
3/28/03,-0.24
3/29/03,-0.23
3/30/03,-0.22
3/31/03,-0.21
4/1/03,-0.22
4/2/03,-0.22
4/3/03,-0.21
4/4/03,-0.23
4/5/03,-0.25
4/6/03,-0.23
4/7/03,-0.23
4/8/03,-0.24
4/9/03,-0.23
4/10/03,-0.22
4/11/03,-0.24
4/12/03,-0.24
4/13/03,-0.22
4/14/03,-0.20
4/15/03,-0.20
4/16/03,-0.20
4/17/03,-0.20
4/18/03,-0.20
4/19/03,-0.18
4/20/03,-0.16
4/21/03,-0.15
4/22/03,-0.15
4/23/03,-0.15
4/24/03,-0.14
4/25/03,-0.15
4/26/03,-0.15
4/27/03,-0.14
4/28/03,-0.14
4/29/03,-0.13
4/30/03,-0.13
5/1/03,-0.12
5/2/03,-0.12
5/3/03,-0.11
5/4/03,-0.11
5/5/03,-0.10
5/6/03,-0.09
5/7/03,-0.10
5/8/03,-0.09
5/9/03,-0.10
5/10/03,-0.11
5/11/03,-0.10
5/12/03,-0.10
5/13/03,-0.11
5/14/03,-0.11
5/15/03,-0.10
5/16/03,-0.12
5/17/03,-0.12
5/18/03,-0.11
5/19/03,-0.10
5/20/03,-0.10
5/21/03,-0.10
5/22/03,-0.10
5/23/03,-0.09
5/24/03,-0.08
5/25/03,-0.06
5/26/03,-0.07
5/27/03,-0.05
5/28/03,-0.07
5/29/03,-0.06
5/30/03,-0.06
5/31/03,-0.06
6/1/03,-0.05
6/2/03,-0.05
6/3/03,-0.05
6/4/03,-0.04
6/5/03,-0.02
6/6/03,-0.03
6/7/03,-0.03
6/8/03,-0.02
6/9/03,0.01
6/10/03,0.01
6/11/03,0.02
6/12/03,0.02
6/13/03,0.01
6/14/03,0.02
6/15/03,0.03
6/16/03,0.01
6/17/03,0.01
6/18/03,0.01
6/19/03,0.02
6/20/03,0.01
6/21/03,0.00
6/22/03,-0.01
6/23/03,-0.02
6/24/03,-0.02
6/25/03,-0.02
6/26/03,-0.02
6/27/03,-0.03
6/28/03,-0.03
6/29/03,-0.02
6/30/03,-0.01
7/1/03,-0.01
7/2/03,0.00
7/3/03,-0.01
7/4/03,-0.02
7/5/03,-0.04
7/6/03,-0.02
7/7/03,-0.01
7/8/03,0.01
7/9/03,0.03
7/10/03,0.04
7/11/03,0.02
7/12/03,0.02
7/13/03,0.03
7/14/03,0.02
7/15/03,0.00
7/16/03,-0.02
7/17/03,-0.01
7/18/03,-0.02
7/19/03,-0.01
7/20/03,-0.01
7/21/03,0.01
7/22/03,0.03
7/23/03,0.02
7/24/03,0.02
7/25/03,0.03
7/26/03,0.02
7/27/03,0.05
7/28/03,0.07
7/29/03,0.07
7/30/03,0.07
7/31/03,0.07
8/1/03,0.08
8/2/03,0.08
8/3/03,0.10
8/4/03,0.09
8/5/03,0.09
8/6/03,0.09
8/7/03,0.09
8/8/03,0.11
8/9/03,0.09
8/10/03,0.08
8/11/03,0.09
8/12/03,0.09
8/13/03,0.09
8/14/03,0.11
8/15/03,0.11
8/16/03,0.12
8/17/03,0.13
8/18/03,0.12
8/19/03,0.12
8/20/03,0.13
8/21/03,0.13
8/22/03,0.13
8/23/03,0.16
8/24/03,0.18
8/25/03,0.17
8/26/03,0.18
8/27/03,0.17
8/28/03,0.16
8/29/03,0.16
8/30/03,0.17
8/31/03,0.18
9/1/03,0.18
9/2/03,0.19
9/3/03,0.19
9/4/03,0.19
9/5/03,0.18
9/6/03,0.17
9/7/03,0.18
9/8/03,0.16
9/9/03,0.16
9/10/03,0.15
9/11/03,0.13
9/12/03,0.13
9/13/03,0.13
9/14/03,0.13
9/15/03,0.12
9/16/03,0.12
9/17/03,0.12
9/18/03,0.12
9/19/03,0.12
9/20/03,0.12
9/21/03,0.13
9/22/03,0.13
9/23/03,0.12
9/24/03,0.14
9/25/03,0.14
9/26/03,0.13
9/27/03,0.12
9/28/03,0.12
9/29/03,0.14
9/30/03,0.14
10/1/03,0.12
10/2/03,0.12
10/3/03,0.11
10/4/03,0.11
10/5/03,0.14
10/6/03,0.14
10/7/03,0.15
10/8/03,0.13
10/9/03,0.14
10/10/03,0.13
10/11/03,0.12
10/12/03,0.13
10/13/03,0.15
10/14/03,0.16
10/15/03,0.16
10/16/03,0.17
10/17/03,0.18
10/18/03,0.19
10/19/03,0.19
10/20/03,0.19
10/21/03,0.20
10/22/03,0.20
10/23/03,0.20
10/24/03,0.20
10/25/03,0.22
10/26/03,0.23
10/27/03,0.23
10/28/03,0.23
10/29/03,0.24
10/30/03,0.24
10/31/03,0.25
11/1/03,0.26
11/2/03,0.27
11/3/03,0.28
11/4/03,0.29
11/5/03,0.29
11/6/03,0.29
11/7/03,0.30
11/8/03,0.31
11/9/03,0.31
11/10/03,0.32
11/11/03,0.29
11/12/03,0.28
11/13/03,0.28
11/14/03,0.28
11/15/03,0.26
11/16/03,0.27
11/17/03,0.27
11/18/03,0.26
11/19/03,0.26
11/20/03,0.27
11/21/03,0.25
11/22/03,0.26
11/23/03,0.26
11/24/03,0.26
11/25/03,0.25
11/26/03,0.26
11/27/03,0.27
11/28/03,0.27
11/29/03,0.26
11/30/03,0.27
12/1/03,0.28
12/2/03,0.31
12/3/03,0.30
12/4/03,0.30
12/5/03,0.28
12/6/03,0.28
12/7/03,0.28
12/8/03,0.29
12/9/03,0.28
12/10/03,0.27
12/11/03,0.26
12/12/03,0.27
12/13/03,0.26
12/14/03,0.26
12/15/03,0.26
12/16/03,0.27
12/17/03,0.27
12/18/03,0.28
12/19/03,0.27
12/20/03,0.27
12/21/03,0.28
12/22/03,0.26
12/23/03,0.25
12/24/03,0.24
12/25/03,0.24
12/26/03,0.24
12/27/03,0.26
12/28/03,0.27
12/29/03,0.26
12/30/03,0.25
12/31/03,0.24
1/1/04,0.26
1/2/04,0.24
1/3/04,0.24
1/4/04,0.23
1/5/04,0.21
1/6/04,0.22
1/7/04,0.21
1/8/04,0.20
1/9/04,0.20
1/10/04,0.20
1/11/04,0.21
1/12/04,0.20
1/13/04,0.19
1/14/04,0.19
1/15/04,0.21
1/16/04,0.20
1/17/04,0.21
1/18/04,0.21
1/19/04,0.24
1/20/04,0.23
1/21/04,0.23
1/22/04,0.24
1/23/04,0.24
1/24/04,0.24
1/25/04,0.25
1/26/04,0.24
1/27/04,0.22
1/28/04,0.22
1/29/04,0.22
1/30/04,0.23
1/31/04,0.23
2/1/04,0.23
2/2/04,0.23
2/3/04,0.22
2/4/04,0.21
2/5/04,0.22
2/6/04,0.21
2/7/04,0.22
2/8/04,0.21
2/9/04,0.21
2/10/04,0.22
2/11/04,0.21
2/12/04,0.20
2/13/04,0.20
2/14/04,0.16
2/15/04,0.18
2/16/04,0.18
2/17/04,0.19
2/18/04,0.20
2/19/04,0.20
2/20/04,0.19
2/21/04,0.20
2/22/04,0.22
2/23/04,0.23
2/24/04,0.22
2/25/04,0.21
2/26/04,0.21
2/27/04,0.20
2/28/04,0.19
2/29/04,0.21
3/1/04,0.21
3/2/04,0.21
3/3/04,0.21
3/4/04,0.21
3/5/04,0.19
3/6/04,0.18
3/7/04,0.20
3/8/04,0.18
3/9/04,0.17
3/10/04,0.15
3/11/04,0.14
3/12/04,0.14
3/13/04,0.13
3/14/04,0.13
3/15/04,0.13
3/16/04,0.14
3/17/04,0.13
3/18/04,0.13
3/19/04,0.13
3/20/04,0.12
3/21/04,0.14
3/22/04,0.14
3/23/04,0.11
3/24/04,0.10
3/25/04,0.10
3/26/04,0.09
3/27/04,0.10
3/28/04,0.11
3/29/04,0.11
3/30/04,0.09
3/31/04,0.10
4/1/04,0.11
4/2/04,0.12
4/3/04,0.13
4/4/04,0.15
4/5/04,0.16
4/6/04,0.15
4/7/04,0.15
4/8/04,0.14
4/9/04,0.14
4/10/04,0.14
4/11/04,0.16
4/12/04,0.16
4/13/04,0.16
4/14/04,0.17
4/15/04,0.17
4/16/04,0.17
4/17/04,0.18
4/18/04,0.19
4/19/04,0.19
4/20/04,0.20
4/21/04,0.20
4/22/04,0.21
4/23/04,0.22
4/24/04,0.23
4/25/04,0.24
4/26/04,0.26
4/27/04,0.25
4/28/04,0.26
4/29/04,0.26
4/30/04,0.26
5/1/04,0.25
5/2/04,0.26
5/3/04,0.27
5/4/04,0.29
5/5/04,0.28
5/6/04,0.27
5/7/04,0.27
5/8/04,0.30
5/9/04,0.31
5/10/04,0.31
5/11/04,0.29
5/12/04,0.28
5/13/04,0.28
5/14/04,0.27
5/15/04,0.28
5/16/04,0.28
5/17/04,0.28
5/18/04,0.27
5/19/04,0.27
5/20/04,0.27
5/21/04,0.27
5/22/04,0.27
5/23/04,0.29
5/24/04,0.27
5/25/04,0.28
5/26/04,0.28
5/27/04,0.27
5/28/04,0.28
5/29/04,0.33
5/30/04,0.35
5/31/04,0.37
6/1/04,0.35
6/2/04,0.36
6/3/04,0.36
6/4/04,0.35
6/5/04,0.37
6/6/04,0.36
6/7/04,0.37
6/8/04,0.38
6/9/04,0.37
6/10/04,0.36
6/11/04,0.35
6/12/04,0.36
6/13/04,0.36
6/14/04,0.38
6/15/04,0.38
6/16/04,0.37
6/17/04,0.37
6/18/04,0.35
6/19/04,0.35
6/20/04,0.35
6/21/04,0.34
6/22/04,0.34
6/23/04,0.32
6/24/04,0.32
6/25/04,0.31
6/26/04,0.31
6/27/04,0.29
6/28/04,0.30
6/29/04,0.31
6/30/04,0.31
7/1/04,0.31
7/2/04,0.30
7/3/04,0.30
7/4/04,0.31
7/5/04,0.31
7/6/04,0.31
7/7/04,0.31
7/8/04,0.31
7/9/04,0.30
7/10/04,0.31
7/11/04,0.32
7/12/04,0.30
7/13/04,0.32
7/14/04,0.31
7/15/04,0.30
7/16/04,0.29
7/17/04,0.30
7/18/04,0.31
7/19/04,0.31
7/20/04,0.31
7/21/04,0.31
7/22/04,0.30
7/23/04,0.30
7/24/04,0.29
7/25/04,0.27
7/26/04,0.27
7/27/04,0.27
7/28/04,0.27
7/29/04,0.28
7/30/04,0.26
7/31/04,0.25
8/1/04,0.24
8/2/04,0.24
8/3/04,0.23
8/4/04,0.24
8/5/04,0.25
8/6/04,0.25
8/7/04,0.23
8/8/04,0.22
8/9/04,0.22
8/10/04,0.22
8/11/04,0.22
8/12/04,0.22
8/13/04,0.20
8/14/04,0.20
8/15/04,0.21
8/16/04,0.20
8/17/04,0.20
8/18/04,0.21
8/19/04,0.20
8/20/04,0.19
8/21/04,0.16
8/22/04,0.16
8/23/04,0.17
8/24/04,0.16
8/25/04,0.17
8/26/04,0.18
8/27/04,0.16
8/28/04,0.17
8/29/04,0.18
8/30/04,0.18
8/31/04,0.19
9/1/04,0.19
9/2/04,0.19
9/3/04,0.19
9/4/04,0.20
9/5/04,0.20
9/6/04,0.20
9/7/04,0.21
9/8/04,0.21
9/9/04,0.21
9/10/04,0.21
9/11/04,0.19
9/12/04,0.20
9/13/04,0.20
9/14/04,0.20
9/15/04,0.20
9/16/04,0.20
9/17/04,0.19
9/18/04,0.20
9/19/04,0.20
9/20/04,0.21
9/21/04,0.21
9/22/04,0.23
9/23/04,0.22
9/24/04,0.20
9/25/04,0.19
9/26/04,0.18
9/27/04,0.19
9/28/04,0.18
9/29/04,0.16
9/30/04,0.17
10/1/04,0.16
10/2/04,0.16
10/3/04,0.17
10/4/04,0.15
10/5/04,0.15
10/6/04,0.16
10/7/04,0.15
10/8/04,0.14
10/9/04,0.13
10/10/04,0.14
10/11/04,0.15
10/12/04,0.16
10/13/04,0.16
10/14/04,0.17
10/15/04,0.15
10/16/04,0.15
10/17/04,0.17
10/18/04,0.17
10/19/04,0.16
10/20/04,0.16
10/21/04,0.16
10/22/04,0.16
10/23/04,0.16
10/24/04,0.17
10/25/04,0.17
10/26/04,0.16
10/27/04,0.14
10/28/04,0.14
10/29/04,0.14
10/30/04,0.16
10/31/04,0.18
11/1/04,0.18
11/2/04,0.18
11/3/04,0.19
11/4/04,0.19
11/5/04,0.21
11/6/04,0.21
11/7/04,0.23
11/8/04,0.23
11/9/04,0.23
11/10/04,0.22
11/11/04,0.23
11/12/04,0.23
11/13/04,0.24
11/14/04,0.24
11/15/04,0.24
11/16/04,0.23
11/17/04,0.23
11/18/04,0.22
11/19/04,0.20
11/20/04,0.20
11/21/04,0.20
11/22/04,0.20
11/23/04,0.19
11/24/04,0.19
11/25/04,0.19
11/26/04,0.20
11/27/04,0.19
11/28/04,0.20
11/29/04,0.21
11/30/04,0.22
12/1/04,0.22
12/2/04,0.22
12/3/04,0.23
12/4/04,0.23
12/5/04,0.23
12/6/04,0.24
12/7/04,0.24
12/8/04,0.24
12/9/04,0.23
12/10/04,0.22
12/11/04,0.26
12/12/04,0.25
12/13/04,0.26
12/14/04,0.27
12/15/04,0.27
12/16/04,0.26
12/17/04,0.27
12/18/04,0.26
12/19/04,0.27
12/20/04,0.28
12/21/04,0.28
12/22/04,0.28
12/23/04,0.29
12/24/04,0.29
12/25/04,0.30
12/26/04,0.30
12/27/04,0.30
12/28/04,0.31
12/29/04,0.33
12/30/04,0.33
12/31/04,0.32
1/1/05,0.35
1/2/05,0.35
1/3/05,0.35
1/4/05,0.35
1/5/05,0.36
1/6/05,0.36
1/7/05,0.36
1/8/05,0.37
1/9/05,0.36
1/10/05,0.36
1/11/05,0.35
1/12/05,0.35
1/13/05,0.33
1/14/05,0.33
1/15/05,0.32
1/16/05,0.32
1/17/05,0.32
1/18/05,0.32
1/19/05,0.33
1/20/05,0.33
1/21/05,0.32
1/22/05,0.34
1/23/05,0.33
1/24/05,0.35
1/25/05,0.35
1/26/05,0.33
1/27/05,0.32
1/28/05,0.31
1/29/05,0.32
1/30/05,0.34
1/31/05,0.34
2/1/05,0.36
2/2/05,0.36
2/3/05,0.36
2/4/05,0.36
2/5/05,0.35
2/6/05,0.37
2/7/05,0.36
2/8/05,0.34
2/9/05,0.33
2/10/05,0.32
2/11/05,0.31
2/12/05,0.30
2/13/05,0.30
2/14/05,0.30
2/15/05,0.29
2/16/05,0.31
2/17/05,0.32
2/18/05,0.30
2/19/05,0.31
2/20/05,0.31
2/21/05,0.32
2/22/05,0.33
2/23/05,0.32
2/24/05,0.32
2/25/05,0.31
2/26/05,0.35
2/27/05,0.35
2/28/05,0.36
3/1/05,0.35
3/2/05,0.34
3/3/05,0.33
3/4/05,0.33
3/5/05,0.33
3/6/05,0.33
3/7/05,0.32
3/8/05,0.32
3/9/05,0.32
3/10/05,0.31
3/11/05,0.30
3/12/05,0.27
3/13/05,0.27
3/14/05,0.27
3/15/05,0.25
3/16/05,0.25
3/17/05,0.23
3/18/05,0.24
3/19/05,0.23
3/20/05,0.23
3/21/05,0.24
3/22/05,0.24
3/23/05,0.23
3/24/05,0.23
3/25/05,0.25
3/26/05,0.26
3/27/05,0.26
3/28/05,0.25
3/29/05,0.24
3/30/05,0.23
3/31/05,0.23
4/1/05,0.23
4/2/05,0.22
4/3/05,0.21
4/4/05,0.22
4/5/05,0.20
4/6/05,0.18
4/7/05,0.17
4/8/05,0.16
4/9/05,0.15
4/10/05,0.17
4/11/05,0.16
4/12/05,0.15
4/13/05,0.14
4/14/05,0.13
4/15/05,0.13
4/16/05,0.14
4/17/05,0.15
4/18/05,0.15
4/19/05,0.16
4/20/05,0.16
4/21/05,0.17
4/22/05,0.16
4/23/05,0.15
4/24/05,0.16
4/25/05,0.15
4/26/05,0.16
4/27/05,0.17
4/28/05,0.17
4/29/05,0.15
4/30/05,0.17
5/1/05,0.16
5/2/05,0.16
5/3/05,0.16
5/4/05,0.17
5/5/05,0.17
5/6/05,0.18
5/7/05,0.19
5/8/05,0.21
5/9/05,0.21
5/10/05,0.20
5/11/05,0.20
5/12/05,0.20
5/13/05,0.19
5/14/05,0.20
5/15/05,0.20
5/16/05,0.21
5/17/05,0.21
5/18/05,0.22
5/19/05,0.22
5/20/05,0.22
5/21/05,0.22
5/22/05,0.23
5/23/05,0.24
5/24/05,0.22
5/25/05,0.22
5/26/05,0.22
5/27/05,0.22
5/28/05,0.24
5/29/05,0.24
5/30/05,0.24
5/31/05,0.22
6/1/05,0.20
6/2/05,0.21
6/3/05,0.21
6/4/05,0.21
6/5/05,0.20
6/6/05,0.19
6/7/05,0.19
6/8/05,0.19
6/9/05,0.19
6/10/05,0.19
6/11/05,0.19
6/12/05,0.18
6/13/05,0.18
6/14/05,0.18
6/15/05,0.19
6/16/05,0.18
6/17/05,0.17
6/18/05,0.19
6/19/05,0.19
6/20/05,0.20
6/21/05,0.19
6/22/05,0.20
6/23/05,0.22
6/24/05,0.20
6/25/05,0.20
6/26/05,0.21
6/27/05,0.22
6/28/05,0.20
6/29/05,0.19
6/30/05,0.19
7/1/05,0.19
7/2/05,0.20
7/3/05,0.18
7/4/05,0.21
7/5/05,0.21
7/6/05,0.22
7/7/05,0.21
7/8/05,0.21
7/9/05,0.21
7/10/05,0.22
7/11/05,0.21
7/12/05,0.21
7/13/05,0.21
7/14/05,0.22
7/15/05,0.22
7/16/05,0.22
7/17/05,0.22
7/18/05,0.22
7/19/05,0.22
7/20/05,0.23
7/21/05,0.24
7/22/05,0.24
7/23/05,0.25
7/24/05,0.26
7/25/05,0.25
7/26/05,0.25
7/27/05,0.25
7/28/05,0.26
7/29/05,0.27
7/30/05,0.28
7/31/05,0.28
8/1/05,0.29
8/2/05,0.29
8/3/05,0.29
8/4/05,0.29
8/5/05,0.30
8/6/05,0.34
8/7/05,0.34
8/8/05,0.35
8/9/05,0.36
8/10/05,0.36
8/11/05,0.35
8/12/05,0.34
8/13/05,0.34
8/14/05,0.34
8/15/05,0.34
8/16/05,0.34
8/17/05,0.33
8/18/05,0.34
8/19/05,0.34
8/20/05,0.32
8/21/05,0.32
8/22/05,0.33
8/23/05,0.33
8/24/05,0.33
8/25/05,0.32
8/26/05,0.32
8/27/05,0.31
8/28/05,0.29
8/29/05,0.28
8/30/05,0.23
8/31/05,0.21
9/1/05,0.20
9/2/05,0.20
9/3/05,0.19
9/4/05,0.17
9/5/05,0.18
9/6/05,0.15
9/7/05,0.13
9/8/05,0.11
9/9/05,0.09
9/10/05,0.08
9/11/05,0.08
9/12/05,0.06
9/13/05,0.06
9/14/05,0.06
9/15/05,0.07
9/16/05,0.06
9/17/05,0.05
9/18/05,0.05
9/19/05,0.07
9/20/05,0.06
9/21/05,0.06
9/22/05,0.05
9/23/05,0.05
9/24/05,0.06
9/25/05,0.08
9/26/05,0.09
9/27/05,0.09
9/28/05,0.10
9/29/05,0.10
9/30/05,0.09
10/1/05,0.09
10/2/05,0.08
10/3/05,0.08
10/4/05,0.08
10/5/05,0.08
10/6/05,0.07
10/7/05,0.06
10/8/05,0.05
10/9/05,0.07
10/10/05,0.08
10/11/05,0.08
10/12/05,0.09
10/13/05,0.09
10/14/05,0.09
10/15/05,0.06
10/16/05,0.08
10/17/05,0.08
10/18/05,0.08
10/19/05,0.08
10/20/05,0.08
10/21/05,0.09
10/22/05,0.11
10/23/05,0.12
10/24/05,0.12
10/25/05,0.13
10/26/05,0.14
10/27/05,0.15
10/28/05,0.15
10/29/05,0.16
10/30/05,0.18
10/31/05,0.17
11/1/05,0.18
11/2/05,0.19
11/3/05,0.20
11/4/05,0.21
11/5/05,0.23
11/6/05,0.22
11/7/05,0.23
11/8/05,0.21
11/9/05,0.21
11/10/05,0.21
11/11/05,0.20
11/12/05,0.21
11/13/05,0.22
11/14/05,0.24
11/15/05,0.24
11/16/05,0.25
11/17/05,0.25
11/18/05,0.24
11/19/05,0.23
11/20/05,0.23
11/21/05,0.25
11/22/05,0.28
11/23/05,0.27
11/24/05,0.27
11/25/05,0.29
11/26/05,0.30
11/27/05,0.30
11/28/05,0.30
11/29/05,0.31
11/30/05,0.31
12/1/05,0.31
12/2/05,0.31
12/3/05,0.31
12/4/05,0.31
12/5/05,0.32
12/6/05,0.32
12/7/05,0.32
12/8/05,0.32
12/9/05,0.32
12/10/05,0.32
12/11/05,0.34
12/12/05,0.33
12/13/05,0.32
12/14/05,0.32
12/15/05,0.30
12/16/05,0.32
12/17/05,0.31
12/18/05,0.31
12/19/05,0.30
12/20/05,0.30
12/21/05,0.30
12/22/05,0.30
12/23/05,0.31
12/24/05,0.35
12/25/05,0.38
12/26/05,0.38
12/27/05,0.40
12/28/05,0.39
12/29/05,0.39
12/30/05,0.39
12/31/05,0.38
1/1/06,0.38
1/2/06,0.39
1/3/06,0.39
1/4/06,0.38
1/5/06,0.38
1/6/06,0.38
1/7/06,0.40
1/8/06,0.39
1/9/06,0.39
1/10/06,0.39
1/11/06,0.38
1/12/06,0.38
1/13/06,0.37
1/14/06,0.37
1/15/06,0.38
1/16/06,0.40
1/17/06,0.40
1/18/06,0.41
1/19/06,0.41
1/20/06,0.40
1/21/06,0.41
1/22/06,0.40
1/23/06,0.42
1/24/06,0.40
1/25/06,0.40
1/26/06,0.37
1/27/06,0.35
1/28/06,0.35
1/29/06,0.35
1/30/06,0.34
1/31/06,0.34
2/1/06,0.34
2/2/06,0.35
2/3/06,0.34
2/4/06,0.34
2/5/06,0.35
2/6/06,0.35
2/7/06,0.33
2/8/06,0.32
2/9/06,0.33
2/10/06,0.33
2/11/06,0.31
2/12/06,0.33
2/13/06,0.34
2/14/06,0.31
2/15/06,0.31
2/16/06,0.30
2/17/06,0.31
2/18/06,0.30
2/19/06,0.31
2/20/06,0.31
2/21/06,0.30
2/22/06,0.30
2/23/06,0.29
2/24/06,0.27
2/25/06,0.27
2/26/06,0.27
2/27/06,0.26
2/28/06,0.26
3/1/06,0.26
3/2/06,0.28
3/3/06,0.27
3/4/06,0.29
3/5/06,0.29
3/6/06,0.31
3/7/06,0.30
3/8/06,0.29
3/9/06,0.29
3/10/06,0.28
3/11/06,0.29
3/12/06,0.30
3/13/06,0.29
3/14/06,0.29
3/15/06,0.28
3/16/06,0.27
3/17/06,0.26
3/18/06,0.27
3/19/06,0.28
3/20/06,0.26
3/21/06,0.26
3/22/06,0.26
3/23/06,0.26
3/24/06,0.26
3/25/06,0.25
3/26/06,0.28
3/27/06,0.27
3/28/06,0.26
3/29/06,0.28
3/30/06,0.29
3/31/06,0.26
4/1/06,0.26
4/2/06,0.27
4/3/06,0.27
4/4/06,0.27
4/5/06,0.27
4/6/06,0.29
4/7/06,0.28
4/8/06,0.29
4/9/06,0.28
4/10/06,0.27
4/11/06,0.27
4/12/06,0.27
4/13/06,0.25
4/14/06,0.24
4/15/06,0.25
4/16/06,0.26
4/17/06,0.27
4/18/06,0.28
4/19/06,0.28
4/20/06,0.27
4/21/06,0.26
4/22/06,0.26
4/23/06,0.27
4/24/06,0.24
4/25/06,0.23
4/26/06,0.25
4/27/06,0.25
4/28/06,0.25
4/29/06,0.24
4/30/06,0.24
5/1/06,0.25
5/2/06,0.26
5/3/06,0.25
5/4/06,0.26
5/5/06,0.27
5/6/06,0.28
5/7/06,0.30
5/8/06,0.32
5/9/06,0.31
5/10/06,0.30
5/11/06,0.31
5/12/06,0.31
5/13/06,0.30
5/14/06,0.31
5/15/06,0.32
5/16/06,0.31
5/17/06,0.30
5/18/06,0.29
5/19/06,0.28
5/20/06,0.29
5/21/06,0.30
5/22/06,0.30
5/23/06,0.29
5/24/06,0.27
5/25/06,0.26
5/26/06,0.27
5/27/06,0.28
5/28/06,0.29
5/29/06,0.29
5/30/06,0.28
5/31/06,0.28
6/1/06,0.29
6/2/06,0.28
6/3/06,0.26
6/4/06,0.28
6/5/06,0.28
6/6/06,0.27
6/7/06,0.27
6/8/06,0.26
6/9/06,0.25
6/10/06,0.23
6/11/06,0.21
6/12/06,0.20
6/13/06,0.21
6/14/06,0.20
6/15/06,0.19
6/16/06,0.19
6/17/06,0.18
6/18/06,0.18
6/19/06,0.21
6/20/06,0.20
6/21/06,0.21
6/22/06,0.22
6/23/06,0.22
6/24/06,0.21
6/25/06,0.24
6/26/06,0.26
6/27/06,0.25
6/28/06,0.24
6/29/06,0.25
6/30/06,0.25
7/1/06,0.24
7/2/06,0.24
7/3/06,0.24
7/4/06,0.21
7/5/06,0.21
7/6/06,0.21
7/7/06,0.22
7/8/06,0.22
7/9/06,0.22
7/10/06,0.22
7/11/06,0.22
7/12/06,0.21
7/13/06,0.20
7/14/06,0.20
7/15/06,0.19
7/16/06,0.21
7/17/06,0.20
7/18/06,0.20
7/19/06,0.21
7/20/06,0.21
7/21/06,0.20
7/22/06,0.18
7/23/06,0.20
7/24/06,0.18
7/25/06,0.16
7/26/06,0.16
7/27/06,0.15
7/28/06,0.15
7/29/06,0.17
7/30/06,0.18
7/31/06,0.16
8/1/06,0.17
8/2/06,0.16
8/3/06,0.18
8/4/06,0.18
8/5/06,0.17
8/6/06,0.18
8/7/06,0.20
8/8/06,0.19
8/9/06,0.20
8/10/06,0.20
8/11/06,0.17
8/12/06,0.18
8/13/06,0.18
8/14/06,0.17
8/15/06,0.18
8/16/06,0.18
8/17/06,0.19
8/18/06,0.18
8/19/06,0.18
8/20/06,0.20
8/21/06,0.19
8/22/06,0.17
8/23/06,0.17
8/24/06,0.17
8/25/06,0.17
8/26/06,0.16
8/27/06,0.15
8/28/06,0.14
8/29/06,0.12
8/30/06,0.11
8/31/06,0.14
9/1/06,0.15
9/2/06,0.15
9/3/06,0.15
9/4/06,0.18
9/5/06,0.20
9/6/06,0.21
9/7/06,0.22
9/8/06,0.20
9/9/06,0.19
9/10/06,0.19
9/11/06,0.19
9/12/06,0.18
9/13/06,0.17
9/14/06,0.15
9/15/06,0.13
9/16/06,0.14
9/17/06,0.15
9/18/06,0.15
9/19/06,0.15
9/20/06,0.12
9/21/06,0.13
9/22/06,0.12
9/23/06,0.12
9/24/06,0.14
9/25/06,0.12
9/26/06,0.11
9/27/06,0.12
9/28/06,0.12
9/29/06,0.13
9/30/06,0.12
10/1/06,0.13
10/2/06,0.13
10/3/06,0.13
10/4/06,0.13
10/5/06,0.13
10/6/06,0.13
10/7/06,0.14
10/8/06,0.17
10/9/06,0.17
10/10/06,0.20
10/11/06,0.21
10/12/06,0.21
10/13/06,0.20
10/14/06,0.21
10/15/06,0.22
10/16/06,0.23
10/17/06,0.23
10/18/06,0.22
10/19/06,0.22
10/20/06,0.24
10/21/06,0.26
10/22/06,0.26
10/23/06,0.25
10/24/06,0.24
10/25/06,0.25
10/26/06,0.25
10/27/06,0.24
10/28/06,0.24
10/29/06,0.24
10/30/06,0.21
10/31/06,0.23
11/1/06,0.24
11/2/06,0.23
11/3/06,0.24
11/4/06,0.21
11/5/06,0.21
11/6/06,0.20
11/7/06,0.21
11/8/06,0.21
11/9/06,0.22
11/10/06,0.23
11/11/06,0.22
11/12/06,0.25
11/13/06,0.25
11/14/06,0.26
11/15/06,0.26
11/16/06,0.26
11/17/06,0.26
11/18/06,0.26
11/19/06,0.29
11/20/06,0.31
11/21/06,0.31
11/22/06,0.30
11/23/06,0.29
11/24/06,0.27
11/25/06,0.24
11/26/06,0.26
11/27/06,0.26
11/28/06,0.26
11/29/06,0.26
11/30/06,0.28
12/1/06,0.27
12/2/06,0.24
12/3/06,0.25
12/4/06,0.24
12/5/06,0.25
12/6/06,0.25
12/7/06,0.24
12/8/06,0.24
12/9/06,0.23
12/10/06,0.24
12/11/06,0.25
12/12/06,0.24
12/13/06,0.23
12/14/06,0.23
12/15/06,0.24
12/16/06,0.26
12/17/06,0.28
12/18/06,0.27
12/19/06,0.26
12/20/06,0.25
12/21/06,0.25
12/22/06,0.23
12/23/06,0.25
12/24/06,0.23
12/25/06,0.28
12/26/06,0.28
12/27/06,0.27
12/28/06,0.27
12/29/06,0.28
12/30/06,0.29
12/31/06,0.29
1/1/07,0.29
1/2/07,0.29
1/3/07,0.30
1/4/07,0.29
1/5/07,0.28
1/6/07,0.28
1/7/07,0.29
1/8/07,0.29
1/9/07,0.29
1/10/07,0.29
1/11/07,0.28
1/12/07,0.29
1/13/07,0.30
1/14/07,0.30
1/15/07,0.27
1/16/07,0.29
1/17/07,0.28
1/18/07,0.29
1/19/07,0.26
1/20/07,0.28
1/21/07,0.29
1/22/07,0.29
1/23/07,0.30
1/24/07,0.30
1/25/07,0.29
1/26/07,0.29
1/27/07,0.28
1/28/07,0.29
1/29/07,0.29
1/30/07,0.29
1/31/07,0.29
2/1/07,0.30
2/2/07,0.29
2/3/07,0.29
2/4/07,0.29
2/5/07,0.29
2/6/07,0.28
2/7/07,0.29
2/8/07,0.30
2/9/07,0.29
2/10/07,0.29
2/11/07,0.29
2/12/07,0.31
2/13/07,0.30
2/14/07,0.30
2/15/07,0.29
2/16/07,0.29
2/17/07,0.28
2/18/07,0.28
2/19/07,0.29
2/20/07,0.28
2/21/07,0.29
2/22/07,0.29
2/23/07,0.29
2/24/07,0.28
2/25/07,0.27
2/26/07,0.26
2/27/07,0.26
2/28/07,0.25
3/1/07,0.25
3/2/07,0.24
3/3/07,0.24
3/4/07,0.24
3/5/07,0.22
3/6/07,0.20
3/7/07,0.19
3/8/07,0.19
3/9/07,0.19
3/10/07,0.17
3/11/07,0.17
3/12/07,0.16
3/13/07,0.15
3/14/07,0.14
3/15/07,0.14
3/16/07,0.12
3/17/07,0.12
3/18/07,0.12
3/19/07,0.10
3/20/07,0.09
3/21/07,0.08
3/22/07,0.08
3/23/07,0.06
3/24/07,0.05
3/25/07,0.07
3/26/07,0.08
3/27/07,0.07
3/28/07,0.08
3/29/07,0.07
3/30/07,0.06
3/31/07,0.07
4/1/07,0.07
4/2/07,0.06
4/3/07,0.05
4/4/07,0.06
4/5/07,0.07
4/6/07,0.07
4/7/07,0.08
4/8/07,0.09
4/9/07,0.09
4/10/07,0.08
4/11/07,0.08
4/12/07,0.07
4/13/07,0.07
4/14/07,0.08
4/15/07,0.10
4/16/07,0.12
4/17/07,0.12
4/18/07,0.12
4/19/07,0.13
4/20/07,0.11
4/21/07,0.12
4/22/07,0.12
4/23/07,0.15
4/24/07,0.14
4/25/07,0.13
4/26/07,0.13
4/27/07,0.12
4/28/07,0.13
4/29/07,0.13
4/30/07,0.15
5/1/07,0.14
5/2/07,0.13
5/3/07,0.12
5/4/07,0.12
5/5/07,0.11
5/6/07,0.12
5/7/07,0.12
5/8/07,0.11
5/9/07,0.11
5/10/07,0.11
5/11/07,0.09
5/12/07,0.08
5/13/07,0.10
5/14/07,0.09
5/15/07,0.10
5/16/07,0.10
5/17/07,0.10
5/18/07,0.08
5/19/07,0.10
5/20/07,0.09
5/21/07,0.10
5/22/07,0.09
5/23/07,0.09
5/24/07,0.10
5/25/07,0.11
5/26/07,0.10
5/27/07,0.10
5/28/07,0.11
5/29/07,0.10
5/30/07,0.12
5/31/07,0.12
6/1/07,0.12
6/2/07,0.15
6/3/07,0.14
6/4/07,0.13
6/5/07,0.12
6/6/07,0.11
6/7/07,0.11
6/8/07,0.11
6/9/07,0.11
6/10/07,0.12
6/11/07,0.15
6/12/07,0.15
6/13/07,0.15
6/14/07,0.16
6/15/07,0.16
6/16/07,0.16
6/17/07,0.17
6/18/07,0.16
6/19/07,0.16
6/20/07,0.16
6/21/07,0.16
6/22/07,0.16
6/23/07,0.16
6/24/07,0.16
6/25/07,0.13
6/26/07,0.11
6/27/07,0.09
6/28/07,0.10
6/29/07,0.08
6/30/07,0.08
7/1/07,0.09
7/2/07,0.08
7/3/07,0.10
7/4/07,0.10
7/5/07,0.10
7/6/07,0.12
7/7/07,0.12
7/8/07,0.13
7/9/07,0.13
7/10/07,0.13
7/11/07,0.12
7/12/07,0.10
7/13/07,0.10
7/14/07,0.10
7/15/07,0.11
7/16/07,0.05
7/17/07,0.05
7/18/07,0.05
7/19/07,0.04
7/20/07,0.02
7/21/07,0.02
7/22/07,0.03
7/23/07,0.01
7/24/07,0.00
7/25/07,0.01
7/26/07,0.02
7/27/07,0.02
7/28/07,0.03
7/29/07,0.04
7/30/07,0.03
7/31/07,0.04
8/1/07,0.07
8/2/07,0.07
8/3/07,0.06
8/4/07,0.04
8/5/07,0.05
8/6/07,0.03
8/7/07,0.01
8/8/07,0.01
8/9/07,0.01
8/10/07,0.00
8/11/07,-0.02
8/12/07,-0.03
8/13/07,-0.04
8/14/07,-0.05
8/15/07,-0.06
8/16/07,-0.06
8/17/07,-0.06
8/18/07,-0.08
8/19/07,-0.08
8/20/07,-0.08
8/21/07,-0.09
8/22/07,-0.10
8/23/07,-0.09
8/24/07,-0.09
8/25/07,-0.05
8/26/07,-0.05
8/27/07,-0.09
8/28/07,-0.10
8/29/07,-0.12
8/30/07,-0.11
8/31/07,-0.11
9/1/07,-0.11
9/2/07,-0.10
9/3/07,-0.09
9/4/07,-0.10
9/5/07,-0.11
9/6/07,-0.12
9/7/07,-0.12
9/8/07,-0.17
9/9/07,-0.17
9/10/07,-0.18
9/11/07,-0.19
9/12/07,-0.19
9/13/07,-0.20
9/14/07,-0.21
9/15/07,-0.23
9/16/07,-0.22
9/17/07,-0.23
9/18/07,-0.23
9/19/07,-0.22
9/20/07,-0.22
9/21/07,-0.23
9/22/07,-0.21
9/23/07,-0.22
9/24/07,-0.21
9/25/07,-0.21
9/26/07,-0.20
9/27/07,-0.18
9/28/07,-0.19
9/29/07,-0.19
9/30/07,-0.17
10/1/07,-0.18
10/2/07,-0.19
10/3/07,-0.18
10/4/07,-0.16
10/5/07,-0.17
10/6/07,-0.16
10/7/07,-0.14
10/8/07,-0.13
10/9/07,-0.11
10/10/07,-0.09
10/11/07,-0.09
10/12/07,-0.09
10/13/07,-0.08
10/14/07,-0.08
10/15/07,-0.07
10/16/07,-0.09
10/17/07,-0.10
10/18/07,-0.11
10/19/07,-0.11
10/20/07,-0.10
10/21/07,-0.10
10/22/07,-0.10
10/23/07,-0.09
10/24/07,-0.09
10/25/07,-0.09
10/26/07,-0.09
10/27/07,-0.10
10/28/07,-0.09
10/29/07,-0.08
10/30/07,-0.09
10/31/07,-0.09
11/1/07,-0.09
11/2/07,-0.10
11/3/07,-0.10
11/4/07,-0.09
11/5/07,-0.10
11/6/07,-0.12
11/7/07,-0.12
11/8/07,-0.11
11/9/07,-0.12
11/10/07,-0.13
11/11/07,-0.12
11/12/07,-0.11
11/13/07,-0.12
11/14/07,-0.12
11/15/07,-0.12
11/16/07,-0.12
11/17/07,-0.12
11/18/07,-0.10
11/19/07,-0.08
11/20/07,-0.07
11/21/07,-0.10
11/22/07,-0.10
11/23/07,-0.10
11/24/07,-0.09
11/25/07,-0.10
11/26/07,-0.08
11/27/07,-0.09
11/28/07,-0.11
11/29/07,-0.13
11/30/07,-0.13
12/1/07,-0.15
12/2/07,-0.15
12/3/07,-0.16
12/4/07,-0.17
12/5/07,-0.16
12/6/07,-0.16
12/7/07,-0.16
12/8/07,-0.14
12/9/07,-0.12
12/10/07,-0.11
12/11/07,-0.11
12/12/07,-0.12
12/13/07,-0.13
12/14/07,-0.13
12/15/07,-0.14
12/16/07,-0.12
12/17/07,-0.10
12/18/07,-0.11
12/19/07,-0.13
12/20/07,-0.13
12/21/07,-0.15
12/22/07,-0.14
12/23/07,-0.14
12/24/07,-0.13
12/25/07,-0.10
12/26/07,-0.08
12/27/07,-0.08
12/28/07,-0.09
12/29/07,-0.12
12/30/07,-0.16
12/31/07,-0.14
1/1/08,-0.13
1/2/08,-0.15
1/3/08,-0.16
1/4/08,-0.17
1/5/08,-0.21
1/6/08,-0.19
1/7/08,-0.19
1/8/08,-0.21
1/9/08,-0.19
1/10/08,-0.18
1/11/08,-0.20
1/12/08,-0.22
1/13/08,-0.23
1/14/08,-0.27
1/15/08,-0.26
1/16/08,-0.28
1/17/08,-0.28
1/18/08,-0.27
1/19/08,-0.27
1/20/08,-0.24
1/21/08,-0.26
1/22/08,-0.28
1/23/08,-0.29
1/24/08,-0.30
1/25/08,-0.30
1/26/08,-0.29
1/27/08,-0.29
1/28/08,-0.29
1/29/08,-0.29
1/30/08,-0.29
1/31/08,-0.28
2/1/08,-0.28
2/2/08,-0.30
2/3/08,-0.30
2/4/08,-0.29
2/5/08,-0.28
2/6/08,-0.28
2/7/08,-0.28
2/8/08,-0.29
2/9/08,-0.27
2/10/08,-0.25
2/11/08,-0.25
2/12/08,-0.24
2/13/08,-0.23
2/14/08,-0.22
2/15/08,-0.23
2/16/08,-0.23
2/17/08,-0.23
2/18/08,-0.22
2/19/08,-0.22
2/20/08,-0.21
2/21/08,-0.22
2/22/08,-0.23
2/23/08,-0.25
2/24/08,-0.23
2/25/08,-0.22
2/26/08,-0.21
2/27/08,-0.22
2/28/08,-0.22
2/29/08,-0.23
3/1/08,-0.24
3/2/08,-0.23
3/3/08,-0.23
3/4/08,-0.25
3/5/08,-0.25
3/6/08,-0.25
3/7/08,-0.26
3/8/08,-0.29
3/9/08,-0.27
3/10/08,-0.30
3/11/08,-0.30
3/12/08,-0.29
3/13/08,-0.29
3/14/08,-0.30
3/15/08,-0.31
3/16/08,-0.31
3/17/08,-0.32
3/18/08,-0.33
3/19/08,-0.33
3/20/08,-0.32
3/21/08,-0.34
3/22/08,-0.33
3/23/08,-0.31
3/24/08,-0.29
3/25/08,-0.27
3/26/08,-0.27
3/27/08,-0.26
3/28/08,-0.27
3/29/08,-0.27
3/30/08,-0.25
3/31/08,-0.26
4/1/08,-0.26
4/2/08,-0.25
4/3/08,-0.25
4/4/08,-0.27
4/5/08,-0.28
4/6/08,-0.27
4/7/08,-0.26
4/8/08,-0.25
4/9/08,-0.26
4/10/08,-0.27
4/11/08,-0.28
4/12/08,-0.28
4/13/08,-0.28
4/14/08,-0.28
4/15/08,-0.28
4/16/08,-0.28
4/17/08,-0.28
4/18/08,-0.28
4/19/08,-0.28
4/20/08,-0.25
4/21/08,-0.23
4/22/08,-0.22
4/23/08,-0.21
4/24/08,-0.21
4/25/08,-0.22
4/26/08,-0.22
4/27/08,-0.22
4/28/08,-0.23
4/29/08,-0.24
4/30/08,-0.27
5/1/08,-0.26
5/2/08,-0.26
5/3/08,-0.26
5/4/08,-0.24
5/5/08,-0.26
5/6/08,-0.27
5/7/08,-0.27
5/8/08,-0.26
5/9/08,-0.25
5/10/08,-0.26
5/11/08,-0.26
5/12/08,-0.27
5/13/08,-0.26
5/14/08,-0.28
5/15/08,-0.26
5/16/08,-0.27
5/17/08,-0.27
5/18/08,-0.25
5/19/08,-0.24
5/20/08,-0.22
5/21/08,-0.22
5/22/08,-0.23
5/23/08,-0.24
5/24/08,-0.24
5/25/08,-0.22
5/26/08,-0.20
5/27/08,-0.21
5/28/08,-0.22
5/29/08,-0.21
5/30/08,-0.21
5/31/08,-0.22
6/1/08,-0.21
6/2/08,-0.23
6/3/08,-0.23
6/4/08,-0.24
6/5/08,-0.24
6/6/08,-0.27
6/7/08,-0.29
6/8/08,-0.29
6/9/08,-0.28
6/10/08,-0.29
6/11/08,-0.29
6/12/08,-0.29
6/13/08,-0.29
6/14/08,-0.30
6/15/08,-0.28
6/16/08,-0.28
6/17/08,-0.29
6/18/08,-0.30
6/19/08,-0.30
6/20/08,-0.30
6/21/08,-0.31
6/22/08,-0.31
6/23/08,-0.29
6/24/08,-0.30
6/25/08,-0.31
6/26/08,-0.31
6/27/08,-0.32
6/28/08,-0.32
6/29/08,-0.31
6/30/08,-0.31
7/1/08,-0.31
7/2/08,-0.31
7/3/08,-0.32
7/4/08,-0.34
7/5/08,-0.33
7/6/08,-0.33
7/7/08,-0.31
7/8/08,-0.32
7/9/08,-0.31
7/10/08,-0.31
7/11/08,-0.31
7/12/08,-0.33
7/13/08,-0.34
7/14/08,-0.35
7/15/08,-0.35
7/16/08,-0.37
7/17/08,-0.36
7/18/08,-0.36
7/19/08,-0.35
7/20/08,-0.34
7/21/08,-0.34
7/22/08,-0.32
7/23/08,-0.31
7/24/08,-0.32
7/25/08,-0.33
7/26/08,-0.34
7/27/08,-0.33
7/28/08,-0.31
7/29/08,-0.33
7/30/08,-0.34
7/31/08,-0.34
8/1/08,-0.35
8/2/08,-0.35
8/3/08,-0.35
8/4/08,-0.33
8/5/08,-0.34
8/6/08,-0.34
8/7/08,-0.34
8/8/08,-0.33
8/9/08,-0.33
8/10/08,-0.32
8/11/08,-0.32
8/12/08,-0.32
8/13/08,-0.33
8/14/08,-0.33
8/15/08,-0.33
8/16/08,-0.32
8/17/08,-0.31
8/18/08,-0.30
8/19/08,-0.31
8/20/08,-0.31
8/21/08,-0.32
8/22/08,-0.34
8/23/08,-0.34
8/24/08,-0.31
8/25/08,-0.30
8/26/08,-0.32
8/27/08,-0.32
8/28/08,-0.32
8/29/08,-0.28
8/30/08,-0.29
8/31/08,-0.28
9/1/08,-0.26
9/2/08,-0.26
9/3/08,-0.27
9/4/08,-0.28
9/5/08,-0.30
9/6/08,-0.34
9/7/08,-0.34
9/8/08,-0.34
9/9/08,-0.33
9/10/08,-0.33
9/11/08,-0.34
9/12/08,-0.35
9/13/08,-0.36
9/14/08,-0.36
9/15/08,-0.36
9/16/08,-0.38
9/17/08,-0.40
9/18/08,-0.40
9/19/08,-0.41
9/20/08,-0.42
9/21/08,-0.43
9/22/08,-0.42
9/23/08,-0.40
9/24/08,-0.40
9/25/08,-0.40
9/26/08,-0.42
9/27/08,-0.43
9/28/08,-0.40
9/29/08,-0.41
9/30/08,-0.44
10/1/08,-0.45
10/2/08,-0.45
10/3/08,-0.45
10/4/08,-0.48
10/5/08,-0.45
10/6/08,-0.45
10/7/08,-0.46
10/8/08,-0.47
10/9/08,-0.47
10/10/08,-0.47
10/11/08,-0.50
10/12/08,-0.47
10/13/08,-0.45
10/14/08,-0.45
10/15/08,-0.44
10/16/08,-0.46
10/17/08,-0.47
10/18/08,-0.46
10/19/08,-0.44
10/20/08,-0.43
10/21/08,-0.40
10/22/08,-0.40
10/23/08,-0.41
10/24/08,-0.41
10/25/08,-0.43
10/26/08,-0.42
10/27/08,-0.42
10/28/08,-0.43
10/29/08,-0.43
10/30/08,-0.41
10/31/08,-0.41
11/1/08,-0.41
11/2/08,-0.39
11/3/08,-0.38
11/4/08,-0.39
11/5/08,-0.38
11/6/08,-0.37
11/7/08,-0.37
11/8/08,-0.37
11/9/08,-0.38
11/10/08,-0.37
11/11/08,-0.35
11/12/08,-0.37
11/13/08,-0.37
11/14/08,-0.38
11/15/08,-0.39
11/16/08,-0.39
11/17/08,-0.40
11/18/08,-0.40
11/19/08,-0.41
11/20/08,-0.43
11/21/08,-0.46
11/22/08,-0.46
11/23/08,-0.46
11/24/08,-0.44
11/25/08,-0.44
11/26/08,-0.44
11/27/08,-0.42
11/28/08,-0.41
11/29/08,-0.41
11/30/08,-0.41
12/1/08,-0.42
12/2/08,-0.41
12/3/08,-0.41
12/4/08,-0.41
12/5/08,-0.41
12/6/08,-0.44
12/7/08,-0.43
12/8/08,-0.43
12/9/08,-0.42
12/10/08,-0.42
12/11/08,-0.43
12/12/08,-0.44
12/13/08,-0.45
12/14/08,-0.43
12/15/08,-0.44
12/16/08,-0.44
12/17/08,-0.45
12/18/08,-0.45
12/19/08,-0.43
12/20/08,-0.42
12/21/08,-0.40
12/22/08,-0.40
12/23/08,-0.40
12/24/08,-0.39
12/25/08,-0.40
12/26/08,-0.41
12/27/08,-0.39
12/28/08,-0.35
12/29/08,-0.33
12/30/08,-0.33
12/31/08,-0.33
1/1/09,-0.35
1/2/09,-0.36
1/3/09,-0.34
1/4/09,-0.34
1/5/09,-0.32
1/6/09,-0.33
1/7/09,-0.34
1/8/09,-0.35
1/9/09,-0.35
1/10/09,-0.38
1/11/09,-0.37
1/12/09,-0.37
1/13/09,-0.37
1/14/09,-0.37
1/15/09,-0.38
1/16/09,-0.40
1/17/09,-0.40
1/18/09,-0.40
1/19/09,-0.39
1/20/09,-0.38
1/21/09,-0.37
1/22/09,-0.37
1/23/09,-0.39
1/24/09,-0.39
1/25/09,-0.38
1/26/09,-0.38
1/27/09,-0.37
1/28/09,-0.38
1/29/09,-0.37
1/30/09,-0.37
1/31/09,-0.37
2/1/09,-0.36
2/2/09,-0.34
2/3/09,-0.34
2/4/09,-0.35
2/5/09,-0.34
2/6/09,-0.36
2/7/09,-0.38
2/8/09,-0.37
2/9/09,-0.37
2/10/09,-0.35
2/11/09,-0.36
2/12/09,-0.35
2/13/09,-0.36
2/14/09,-0.35
2/15/09,-0.34
2/16/09,-0.35
2/17/09,-0.33
2/18/09,-0.33
2/19/09,-0.35
2/20/09,-0.35
2/21/09,-0.35
2/22/09,-0.34
2/23/09,-0.32
2/24/09,-0.33
2/25/09,-0.32
2/26/09,-0.31
2/27/09,-0.31
2/28/09,-0.33
3/1/09,-0.30
3/2/09,-0.30
3/3/09,-0.31
3/4/09,-0.31
3/5/09,-0.31
3/6/09,-0.33
3/7/09,-0.36
3/8/09,-0.35
3/9/09,-0.33
3/10/09,-0.33
3/11/09,-0.33
3/12/09,-0.33
3/13/09,-0.33
3/14/09,-0.33
3/15/09,-0.32
3/16/09,-0.32
3/17/09,-0.32
3/18/09,-0.31
3/19/09,-0.30
3/20/09,-0.32
3/21/09,-0.31
3/22/09,-0.30
3/23/09,-0.30
3/24/09,-0.27
3/25/09,-0.26
3/26/09,-0.26
3/27/09,-0.28
3/28/09,-0.28
3/29/09,-0.28
3/30/09,-0.27
3/31/09,-0.28
4/1/09,-0.28
4/2/09,-0.27
4/3/09,-0.27
4/4/09,-0.28
4/5/09,-0.27
4/6/09,-0.26
4/7/09,-0.23
4/8/09,-0.25
4/9/09,-0.24
4/10/09,-0.23
4/11/09,-0.21
4/12/09,-0.22
4/13/09,-0.20
4/14/09,-0.21
4/15/09,-0.23
4/16/09,-0.23
4/17/09,-0.24
4/18/09,-0.25
4/19/09,-0.25
4/20/09,-0.24
4/21/09,-0.23
4/22/09,-0.24
4/23/09,-0.26
4/24/09,-0.28
4/25/09,-0.28
4/26/09,-0.25
4/27/09,-0.25
4/28/09,-0.26
4/29/09,-0.23
4/30/09,-0.23
5/1/09,-0.24
5/2/09,-0.24
5/3/09,-0.23
5/4/09,-0.23
5/5/09,-0.25
5/6/09,-0.24
5/7/09,-0.24
5/8/09,-0.24
5/9/09,-0.25
5/10/09,-0.25
5/11/09,-0.27
5/12/09,-0.28
5/13/09,-0.30
5/14/09,-0.30
5/15/09,-0.32
5/16/09,-0.31
5/17/09,-0.30
5/18/09,-0.29
5/19/09,-0.29
5/20/09,-0.29
5/21/09,-0.30
5/22/09,-0.32
5/23/09,-0.32
5/24/09,-0.29
5/25/09,-0.27
5/26/09,-0.26
5/27/09,-0.26
5/28/09,-0.27
5/29/09,-0.28
5/30/09,-0.28
5/31/09,-0.28
6/1/09,-0.29
6/2/09,-0.28
6/3/09,-0.29
6/4/09,-0.30
6/5/09,-0.31
6/6/09,-0.33
6/7/09,-0.34
6/8/09,-0.32
6/9/09,-0.35
6/10/09,-0.36
6/11/09,-0.37
6/12/09,-0.38
6/13/09,-0.38
6/14/09,-0.36
6/15/09,-0.31
6/16/09,-0.31
6/17/09,-0.33
6/18/09,-0.33
6/19/09,-0.34
6/20/09,-0.34
6/21/09,-0.33
6/22/09,-0.35
6/23/09,-0.32
6/24/09,-0.33
6/25/09,-0.32
6/26/09,-0.34
6/27/09,-0.33
6/28/09,-0.33
6/29/09,-0.34
6/30/09,-0.33
7/1/09,-0.33
7/2/09,-0.34
7/3/09,-0.35
7/4/09,-0.33
7/5/09,-0.32
7/6/09,-0.30
7/7/09,-0.29
7/8/09,-0.28
7/9/09,-0.28
7/10/09,-0.29
7/11/09,-0.31
7/12/09,-0.32
7/13/09,-0.31
7/14/09,-0.32
7/15/09,-0.32
7/16/09,-0.32
7/17/09,-0.31
7/18/09,-0.32
7/19/09,-0.34
7/20/09,-0.32
7/21/09,-0.30
7/22/09,-0.32
7/23/09,-0.31
7/24/09,-0.30
7/25/09,-0.30
7/26/09,-0.29
7/27/09,-0.27
7/28/09,-0.28
7/29/09,-0.26
7/30/09,-0.27
7/31/09,-0.26
8/1/09,-0.27
8/2/09,-0.26
8/3/09,-0.26
8/4/09,-0.25
8/5/09,-0.24
8/6/09,-0.25
8/7/09,-0.25
8/8/09,-0.26
8/9/09,-0.25
8/10/09,-0.23
8/11/09,-0.23
8/12/09,-0.22
8/13/09,-0.22
8/14/09,-0.20
8/15/09,-0.21
8/16/09,-0.22
8/17/09,-0.22
8/18/09,-0.21
8/19/09,-0.20
8/20/09,-0.21
8/21/09,-0.24
8/22/09,-0.23
8/23/09,-0.23
8/24/09,-0.20
8/25/09,-0.21
8/26/09,-0.19
8/27/09,-0.18
8/28/09,-0.19
8/29/09,-0.19
8/30/09,-0.19
8/31/09,-0.17
9/1/09,-0.17
9/2/09,-0.16
9/3/09,-0.14
9/4/09,-0.14
9/5/09,-0.16
9/6/09,-0.16
9/7/09,-0.16
9/8/09,-0.16
9/9/09,-0.15
9/10/09,-0.15
9/11/09,-0.16
9/12/09,-0.15
9/13/09,-0.13
9/14/09,-0.15
9/15/09,-0.15
9/16/09,-0.14
9/17/09,-0.14
9/18/09,-0.14
9/19/09,-0.15
9/20/09,-0.14
9/21/09,-0.12
9/22/09,-0.12
9/23/09,-0.11
9/24/09,-0.11
9/25/09,-0.11
9/26/09,-0.11
9/27/09,-0.09
9/28/09,-0.07
9/29/09,-0.05
9/30/09,-0.04
10/1/09,-0.04
10/2/09,-0.05
10/3/09,-0.08
10/4/09,-0.08
10/5/09,-0.07
10/6/09,-0.08
10/7/09,-0.09
10/8/09,-0.08
10/9/09,-0.09
10/10/09,-0.11
10/11/09,-0.09
10/12/09,-0.10
10/13/09,-0.09
10/14/09,-0.08
10/15/09,-0.08
10/16/09,-0.08
10/17/09,-0.07
10/18/09,-0.09
10/19/09,-0.07
10/20/09,-0.08
10/21/09,-0.08
10/22/09,-0.07
10/23/09,-0.07
10/24/09,-0.07
10/25/09,-0.07
10/26/09,-0.07
10/27/09,-0.07
10/28/09,-0.07
10/29/09,-0.05
10/30/09,-0.04
10/31/09,-0.05
11/1/09,-0.04
11/2/09,-0.02
11/3/09,-0.01
11/4/09,0.01
11/5/09,0.01
11/6/09,0.01
11/7/09,-0.02
11/8/09,0.00
11/9/09,0.02
11/10/09,0.02
11/11/09,0.01
11/12/09,0.00
11/13/09,0.01
11/14/09,0.02
11/15/09,0.04
11/16/09,0.04
11/17/09,0.04
11/18/09,0.03
11/19/09,0.02
11/20/09,-0.01
11/21/09,-0.01
11/22/09,0.00
11/23/09,-0.01
11/24/09,-0.01
11/25/09,0.00
11/26/09,0.03
11/27/09,0.03
11/28/09,0.03
11/29/09,0.04
11/30/09,0.03
12/1/09,0.03
12/2/09,0.02
12/3/09,0.02
12/4/09,0.02
12/5/09,0.03
12/6/09,0.04
12/7/09,0.05
12/8/09,0.05
12/9/09,0.02
12/10/09,0.02
12/11/09,0.02
12/12/09,0.02
12/13/09,0.03
12/14/09,0.04
12/15/09,0.04
12/16/09,0.03
12/17/09,0.04
12/18/09,0.05
12/19/09,0.05
12/20/09,0.07
12/21/09,0.08
12/22/09,0.09
12/23/09,0.11
12/24/09,0.11
12/25/09,0.12
12/26/09,0.14
12/27/09,0.16
12/28/09,0.17
12/29/09,0.18
12/30/09,0.17
12/31/09,0.16
1/1/10,0.13
1/2/10,0.13
1/3/10,0.14
1/4/10,0.11
1/5/10,0.11
1/6/10,0.12
1/7/10,0.10
1/8/10,0.08
1/9/10,0.06
1/10/10,0.06
1/11/10,0.05
1/12/10,0.03
1/13/10,0.01
1/14/10,0.01
1/15/10,0.01
1/16/10,0.00
1/17/10,-0.02
1/18/10,-0.03
1/19/10,-0.04
1/20/10,-0.04
1/21/10,-0.05
1/22/10,-0.09
1/23/10,-0.09
1/24/10,-0.08
1/25/10,-0.09
1/26/10,-0.08
1/27/10,-0.08
1/28/10,-0.10
1/29/10,-0.07
1/30/10,-0.06
1/31/10,-0.03
2/1/10,-0.02
2/2/10,-0.01
2/3/10,-0.01
2/4/10,0.00
2/5/10,-0.02
2/6/10,-0.04
2/7/10,-0.05
2/8/10,-0.05
2/9/10,-0.06
2/10/10,-0.07
2/11/10,-0.07
2/12/10,-0.09
2/13/10,-0.09
2/14/10,-0.09
2/15/10,-0.09
2/16/10,-0.08
2/17/10,-0.09
2/18/10,-0.08
2/19/10,-0.09
2/20/10,-0.09
2/21/10,-0.09
2/22/10,-0.09
2/23/10,-0.08
2/24/10,-0.07
2/25/10,-0.07
2/26/10,-0.11
2/27/10,-0.10
2/28/10,-0.09
3/1/10,-0.11
3/2/10,-0.11
3/3/10,-0.12
3/4/10,-0.13
3/5/10,-0.13
3/6/10,-0.12
3/7/10,-0.13
3/8/10,-0.12
3/9/10,-0.11
3/10/10,-0.12
3/11/10,-0.11
3/12/10,-0.12
3/13/10,-0.10
3/14/10,-0.09
3/15/10,-0.09
3/16/10,-0.08
3/17/10,-0.09
3/18/10,-0.08
3/19/10,-0.08
3/20/10,-0.07
3/21/10,-0.06
3/22/10,-0.06
3/23/10,-0.04
3/24/10,-0.04
3/25/10,-0.05
3/26/10,-0.05
3/27/10,-0.04
3/28/10,-0.05
3/29/10,-0.05
3/30/10,-0.03
3/31/10,-0.01
4/1/10,-0.01
4/2/10,-0.01
4/3/10,0.00
4/4/10,0.00
4/5/10,0.01
4/6/10,0.01
4/7/10,0.00
4/8/10,-0.03
4/9/10,-0.06
4/10/10,-0.05
4/11/10,-0.06
4/12/10,-0.09
4/13/10,-0.11
4/14/10,-0.11
4/15/10,-0.09
4/16/10,-0.11
4/17/10,-0.12
4/18/10,-0.13
4/19/10,-0.13
4/20/10,-0.13
4/21/10,-0.12
4/22/10,-0.11
4/23/10,-0.11
4/24/10,-0.09
4/25/10,-0.09
4/26/10,-0.09
4/27/10,-0.11
4/28/10,-0.13
4/29/10,-0.14
4/30/10,-0.15
5/1/10,-0.15
5/2/10,-0.14
5/3/10,-0.13
5/4/10,-0.13
5/5/10,-0.14
5/6/10,-0.15
5/7/10,-0.17
5/8/10,-0.18
5/9/10,-0.20
5/10/10,-0.20
5/11/10,-0.22
5/12/10,-0.22
5/13/10,-0.22
5/14/10,-0.23
5/15/10,-0.23
5/16/10,-0.22
5/17/10,-0.22
5/18/10,-0.23
5/19/10,-0.23
5/20/10,-0.25
5/21/10,-0.27
5/22/10,-0.28
5/23/10,-0.26
5/24/10,-0.25
5/25/10,-0.25
5/26/10,-0.25
5/27/10,-0.27
5/28/10,-0.27
5/29/10,-0.27
5/30/10,-0.27
5/31/10,-0.26
6/1/10,-0.26
6/2/10,-0.26
6/3/10,-0.25
6/4/10,-0.24
6/5/10,-0.24
6/6/10,-0.23
6/7/10,-0.24
6/8/10,-0.26
6/9/10,-0.26
6/10/10,-0.26
6/11/10,-0.25
6/12/10,-0.23
6/13/10,-0.23
6/14/10,-0.22
6/15/10,-0.22
6/16/10,-0.22
6/17/10,-0.21
6/18/10,-0.22
6/19/10,-0.22
6/20/10,-0.19
6/21/10,-0.19
6/22/10,-0.17
6/23/10,-0.17
6/24/10,-0.18
6/25/10,-0.18
6/26/10,-0.19
6/27/10,-0.17
6/28/10,-0.18
6/29/10,-0.19
6/30/10,-0.17
7/1/10,-0.18
7/2/10,-0.20
7/3/10,-0.20
7/4/10,-0.20
7/5/10,-0.22
7/6/10,-0.20
7/7/10,-0.20
7/8/10,-0.19
7/9/10,-0.19
7/10/10,-0.20
7/11/10,-0.19
7/12/10,-0.19
7/13/10,-0.21
7/14/10,-0.20
7/15/10,-0.19
7/16/10,-0.21
7/17/10,-0.21
7/18/10,-0.21
7/19/10,-0.23
7/20/10,-0.23
7/21/10,-0.23
7/22/10,-0.22
7/23/10,-0.21
7/24/10,-0.21
7/25/10,-0.21
7/26/10,-0.22
7/27/10,-0.20
7/28/10,-0.19
7/29/10,-0.18
7/30/10,-0.18
7/31/10,-0.18
8/1/10,-0.18
8/2/10,-0.16
8/3/10,-0.14
8/4/10,-0.11
8/5/10,-0.11
8/6/10,-0.12
8/7/10,-0.14
8/8/10,-0.12
8/9/10,-0.09
8/10/10,-0.09
8/11/10,-0.09
8/12/10,-0.10
8/13/10,-0.10
8/14/10,-0.09
8/15/10,-0.09
8/16/10,-0.09
8/17/10,-0.10
8/18/10,-0.10
8/19/10,-0.11
8/20/10,-0.13
8/21/10,-0.14
8/22/10,-0.13
8/23/10,-0.13
8/24/10,-0.16
8/25/10,-0.17
8/26/10,-0.16
8/27/10,-0.21
8/28/10,-0.20
8/29/10,-0.19
8/30/10,-0.18
8/31/10,-0.17
9/1/10,-0.15
9/2/10,-0.15
9/3/10,-0.14
9/4/10,-0.15
9/5/10,-0.14
9/6/10,-0.14
9/7/10,-0.12
9/8/10,-0.10
9/9/10,-0.10
9/10/10,-0.10
9/11/10,-0.09
9/12/10,-0.08
9/13/10,-0.09
9/14/10,-0.09
9/15/10,-0.08
9/16/10,-0.09
9/17/10,-0.10
9/18/10,-0.10
9/19/10,-0.10
9/20/10,-0.09
9/21/10,-0.10
9/22/10,-0.12
9/23/10,-0.12
9/24/10,-0.15
9/25/10,-0.13
9/26/10,-0.13
9/27/10,-0.14
9/28/10,-0.14
9/29/10,-0.14
9/30/10,-0.14
10/1/10,-0.15
10/2/10,-0.12
10/3/10,-0.12
10/4/10,-0.12
10/5/10,-0.12
10/6/10,-0.10
10/7/10,-0.10
10/8/10,-0.11
10/9/10,-0.14
10/10/10,-0.12
10/11/10,-0.12
10/12/10,-0.12
10/13/10,-0.10
10/14/10,-0.12
10/15/10,-0.14
10/16/10,-0.15
10/17/10,-0.14
10/18/10,-0.13
10/19/10,-0.13
10/20/10,-0.14
10/21/10,-0.15
10/22/10,-0.16
10/23/10,-0.17
10/24/10,-0.16
10/25/10,-0.16
10/26/10,-0.17
10/27/10,-0.16
10/28/10,-0.16
10/29/10,-0.16
10/30/10,-0.15
10/31/10,-0.14
11/1/10,-0.15
11/2/10,-0.14
11/3/10,-0.14
11/4/10,-0.13
11/5/10,-0.12
11/6/10,-0.12
11/7/10,-0.12
11/8/10,-0.12
11/9/10,-0.13
11/10/10,-0.12
11/11/10,-0.11
11/12/10,-0.11
11/13/10,-0.09
11/14/10,-0.07
11/15/10,-0.05
11/16/10,-0.06
11/17/10,-0.07
11/18/10,-0.08
11/19/10,-0.10
11/20/10,-0.11
11/21/10,-0.09
11/22/10,-0.07
11/23/10,-0.06
11/24/10,-0.08
11/25/10,-0.09
11/26/10,-0.09
11/27/10,-0.09
11/28/10,-0.06
11/29/10,-0.05
11/30/10,-0.08
12/1/10,-0.08
12/2/10,-0.07
12/3/10,-0.07
12/4/10,-0.08
12/5/10,-0.10
12/6/10,-0.12
12/7/10,-0.12
12/8/10,-0.09
12/9/10,-0.09
12/10/10,-0.09
12/11/10,-0.07
12/12/10,-0.07
12/13/10,-0.05
12/14/10,-0.06
12/15/10,-0.04
12/16/10,-0.04
12/17/10,-0.05
12/18/10,-0.04
12/19/10,-0.04
12/20/10,-0.03
12/21/10,-0.05
12/22/10,-0.06
12/23/10,-0.06
12/24/10,-0.04
12/25/10,-0.03
12/26/10,-0.02
12/27/10,-0.02
12/28/10,-0.03
12/29/10,-0.01
12/30/10,0.01
12/31/10,0.01
1/1/11,0.02
1/2/11,0.04
1/3/11,0.03
1/4/11,0.03
1/5/11,0.05
1/6/11,0.05
1/7/11,0.02
1/8/11,0.00
1/9/11,0.00
1/10/11,0.01
1/11/11,-0.01
1/12/11,-0.02
1/13/11,-0.01
1/14/11,-0.02
1/15/11,-0.01
1/16/11,0.00
1/17/11,-0.01
1/18/11,-0.02
1/19/11,-0.02
1/20/11,-0.02
1/21/11,-0.03
1/22/11,-0.03
1/23/11,-0.02
1/24/11,0.00
1/25/11,0.00
1/26/11,0.00
1/27/11,-0.01
1/28/11,-0.03
1/29/11,-0.01
1/30/11,-0.01
1/31/11,-0.02
2/1/11,-0.01
2/2/11,0.01
2/3/11,0.01
2/4/11,0.01
2/5/11,-0.01
2/6/11,0.00
2/7/11,0.01
2/8/11,0.02
2/9/11,0.01
2/10/11,0.01
2/11/11,-0.01
2/12/11,-0.01
2/13/11,0.00
2/14/11,0.00
2/15/11,-0.01
2/16/11,-0.01
2/17/11,-0.02
2/18/11,-0.05
2/19/11,-0.05
2/20/11,-0.03
2/21/11,-0.05
2/22/11,-0.06
2/23/11,-0.06
2/24/11,-0.05
2/25/11,-0.05
2/26/11,-0.05
2/27/11,-0.05
2/28/11,-0.06
3/1/11,-0.05
3/2/11,-0.06
3/3/11,-0.06
3/4/11,-0.06
3/5/11,-0.07
3/6/11,-0.06
3/7/11,-0.07
3/8/11,-0.08
3/9/11,-0.08
3/10/11,-0.08
3/11/11,-0.10
3/12/11,-0.11
3/13/11,-0.09
3/14/11,-0.08
3/15/11,-0.11
3/16/11,-0.12
3/17/11,-0.14
3/18/11,-0.14
3/19/11,-0.14
3/20/11,-0.14
3/21/11,-0.12
3/22/11,-0.12
3/23/11,-0.13
3/24/11,-0.13
3/25/11,-0.14
3/26/11,-0.14
3/27/11,-0.13
3/28/11,-0.14
3/29/11,-0.15
3/30/11,-0.16
3/31/11,-0.15
4/1/11,-0.16
4/2/11,-0.15
4/3/11,-0.13
4/4/11,-0.12
4/5/11,-0.12
4/6/11,-0.13
4/7/11,-0.11
4/8/11,-0.12
4/9/11,-0.13
4/10/11,-0.13
4/11/11,-0.12
4/12/11,-0.13
4/13/11,-0.13
4/14/11,-0.14
4/15/11,-0.15
4/16/11,-0.15
4/17/11,-0.14
4/18/11,-0.15
4/19/11,-0.16
4/20/11,-0.15
4/21/11,-0.14
4/22/11,-0.14
4/23/11,-0.14
4/24/11,-0.11
4/25/11,-0.10
4/26/11,-0.09
4/27/11,-0.09
4/28/11,-0.08
4/29/11,-0.08
4/30/11,-0.06
5/1/11,-0.05
5/2/11,-0.03
5/3/11,-0.03
5/4/11,-0.05
5/5/11,-0.06
5/6/11,-0.08
5/7/11,-0.10
5/8/11,-0.09
5/9/11,-0.08
5/10/11,-0.09
5/11/11,-0.09
5/12/11,-0.10
5/13/11,-0.10
5/14/11,-0.10
5/15/11,-0.13
5/16/11,-0.14
5/17/11,-0.13
5/18/11,-0.13
5/19/11,-0.15
5/20/11,-0.16
5/21/11,-0.18
5/22/11,-0.16
5/23/11,-0.17
5/24/11,-0.20
5/25/11,-0.21
5/26/11,-0.19
5/27/11,-0.20
5/28/11,-0.21
5/29/11,-0.19
5/30/11,-0.19
5/31/11,-0.18
6/1/11,-0.18
6/2/11,-0.18
6/3/11,-0.19
6/4/11,-0.20
6/5/11,-0.21
6/6/11,-0.21
6/7/11,-0.21
6/8/11,-0.21
6/9/11,-0.20
6/10/11,-0.21
6/11/11,-0.22
6/12/11,-0.21
6/13/11,-0.19
6/14/11,-0.20
6/15/11,-0.21
6/16/11,-0.22
6/17/11,-0.23
6/18/11,-0.23
6/19/11,-0.23
6/20/11,-0.24
6/21/11,-0.26
6/22/11,-0.26
6/23/11,-0.26
6/24/11,-0.26
6/25/11,-0.25
6/26/11,-0.24
6/27/11,-0.25
6/28/11,-0.24
6/29/11,-0.24
6/30/11,-0.24
7/1/11,-0.26
7/2/11,-0.26
7/3/11,-0.26
7/4/11,-0.28
7/5/11,-0.29
7/6/11,-0.29
7/7/11,-0.30
7/8/11,-0.29
7/9/11,-0.30
7/10/11,-0.29
7/11/11,-0.28
7/12/11,-0.29
7/13/11,-0.30
7/14/11,-0.31
7/15/11,-0.34
7/16/11,-0.34
7/17/11,-0.33
7/18/11,-0.34
7/19/11,-0.38
7/20/11,-0.36
7/21/11,-0.36
7/22/11,-0.37
7/23/11,-0.39
7/24/11,-0.36
7/25/11,-0.38
7/26/11,-0.41
7/27/11,-0.42
7/28/11,-0.42
7/29/11,-0.43
7/30/11,-0.45
7/31/11,-0.43
8/1/11,-0.43
8/2/11,-0.43
8/3/11,-0.44
8/4/11,-0.43
8/5/11,-0.44
8/6/11,-0.45
8/7/11,-0.44
8/8/11,-0.47
8/9/11,-0.48
8/10/11,-0.47
8/11/11,-0.46
8/12/11,-0.47
8/13/11,-0.47
8/14/11,-0.43
8/15/11,-0.41
8/16/11,-0.40
8/17/11,-0.39
8/18/11,-0.37
8/19/11,-0.37
8/20/11,-0.38
8/21/11,-0.35
8/22/11,-0.33
8/23/11,-0.34
8/24/11,-0.35
8/25/11,-0.35
8/26/11,-0.34
8/27/11,-0.33
8/28/11,-0.30
8/29/11,-0.29
8/30/11,-0.26
8/31/11,-0.27
9/1/11,-0.27
9/2/11,-0.28
9/3/11,-0.30
9/4/11,-0.30
9/5/11,-0.29
9/6/11,-0.31
9/7/11,-0.31
9/8/11,-0.29
9/9/11,-0.28
9/10/11,-0.29
9/11/11,-0.28
9/12/11,-0.28
9/13/11,-0.29
9/14/11,-0.29
9/15/11,-0.30
9/16/11,-0.32
9/17/11,-0.33
9/18/11,-0.31
9/19/11,-0.32
9/20/11,-0.31
9/21/11,-0.31
9/22/11,-0.31
9/23/11,-0.32
9/24/11,-0.32
9/25/11,-0.31
9/26/11,-0.32
9/27/11,-0.32
9/28/11,-0.30
9/29/11,-0.29
9/30/11,-0.30
10/1/11,-0.30
10/2/11,-0.30
10/3/11,-0.30
10/4/11,-0.28
10/5/11,-0.28
10/6/11,-0.26
10/7/11,-0.26
10/8/11,-0.27
10/9/11,-0.26
10/10/11,-0.28
10/11/11,-0.27
10/12/11,-0.25
10/13/11,-0.23
10/14/11,-0.22
10/15/11,-0.20
10/16/11,-0.18
10/17/11,-0.17
10/18/11,-0.17
10/19/11,-0.17
10/20/11,-0.16
10/21/11,-0.16
10/22/11,-0.17
10/23/11,-0.16
10/24/11,-0.16
10/25/11,-0.14
10/26/11,-0.13
10/27/11,-0.13
10/28/11,-0.13
10/29/11,-0.12
10/30/11,-0.09
10/31/11,-0.09
11/1/11,-0.11
11/2/11,-0.12
11/3/11,-0.11
11/4/11,-0.12
11/5/11,-0.15
11/6/11,-0.14
11/7/11,-0.16
11/8/11,-0.15
11/9/11,-0.16
11/10/11,-0.19
11/11/11,-0.19
11/12/11,-0.20
11/13/11,-0.17
11/14/11,-0.16
11/15/11,-0.17
11/16/11,-0.16
11/17/11,-0.17
11/18/11,-0.17
11/19/11,-0.17
11/20/11,-0.17
11/21/11,-0.18
11/22/11,-0.20
11/23/11,-0.20
11/24/11,-0.21
11/25/11,-0.22
11/26/11,-0.23
11/27/11,-0.21
11/28/11,-0.21
11/29/11,-0.23
11/30/11,-0.24
12/1/11,-0.25
12/2/11,-0.26
12/3/11,-0.28
12/4/11,-0.27
12/5/11,-0.25
12/6/11,-0.26
12/7/11,-0.27
12/8/11,-0.27
12/9/11,-0.28
12/10/11,-0.28
12/11/11,-0.27
12/12/11,-0.29
12/13/11,-0.29
12/14/11,-0.29
12/15/11,-0.31
12/16/11,-0.31
12/17/11,-0.32
12/18/11,-0.32
12/19/11,-0.29
12/20/11,-0.30
12/21/11,-0.30
12/22/11,-0.31
12/23/11,-0.32
12/24/11,-0.29
12/25/11,-0.29
12/26/11,-0.30
12/27/11,-0.31
12/28/11,-0.29
12/29/11,-0.30
12/30/11,-0.31
12/31/11,-0.32
1/1/12,-0.30
1/2/12,-0.29
1/3/12,-0.31
1/4/12,-0.29
1/5/12,-0.27
1/6/12,-0.25
1/7/12,-0.26
1/8/12,-0.23
1/9/12,-0.21
1/10/12,-0.21
1/11/12,-0.19
1/12/12,-0.19
1/13/12,-0.21
1/14/12,-0.24
1/15/12,-0.22
1/16/12,-0.22
1/17/12,-0.22
1/18/12,-0.20
1/19/12,-0.20
1/20/12,-0.18
1/21/12,-0.17
1/22/12,-0.18
1/23/12,-0.18
1/24/12,-0.17
1/25/12,-0.16
1/26/12,-0.14
1/27/12,-0.13
1/28/12,-0.11
1/29/12,-0.09
1/30/12,-0.09
1/31/12,-0.07
2/1/12,-0.08
2/2/12,-0.08
2/3/12,-0.08
2/4/12,-0.07
2/5/12,-0.05
2/6/12,-0.03
2/7/12,-0.06
2/8/12,-0.08
2/9/12,-0.09
2/10/12,-0.11
2/11/12,-0.12
2/12/12,-0.10
2/13/12,-0.09
2/14/12,-0.09
2/15/12,-0.09
2/16/12,-0.10
2/17/12,-0.11
2/18/12,-0.10
2/19/12,-0.09
2/20/12,-0.09
2/21/12,-0.10
2/22/12,-0.10
2/23/12,-0.08
2/24/12,-0.09
2/25/12,-0.09
2/26/12,-0.08
2/27/12,-0.09
2/28/12,-0.08
2/29/12,-0.08
3/1/12,-0.09
3/2/12,-0.07
3/3/12,-0.07
3/4/12,-0.05
3/5/12,-0.03
3/6/12,-0.03
3/7/12,-0.04
3/8/12,-0.03
3/9/12,-0.04
3/10/12,-0.02
3/11/12,-0.02
3/12/12,-0.02
3/13/12,-0.04
3/14/12,-0.03
3/15/12,-0.01
3/16/12,-0.01
3/17/12,0.00
3/18/12,0.00
3/19/12,0.01
3/20/12,0.00
3/21/12,-0.01
3/22/12,0.00
3/23/12,0.00
3/24/12,0.01
3/25/12,0.01
3/26/12,0.01
3/27/12,-0.01
3/28/12,-0.01
3/29/12,0.00
3/30/12,0.00
3/31/12,0.00
4/1/12,0.00
4/2/12,0.02
4/3/12,0.00
4/4/12,0.00
4/5/12,0.00
4/6/12,-0.01
4/7/12,-0.02
4/8/12,-0.02
4/9/12,0.00
4/10/12,0.00
4/11/12,0.01
4/12/12,-0.02
4/13/12,-0.03
4/14/12,-0.03
4/15/12,-0.02
4/16/12,-0.01
4/17/12,0.01
4/18/12,0.02
4/19/12,0.03
4/20/12,0.02
4/21/12,0.01
4/22/12,0.00
4/23/12,0.00
4/24/12,-0.02
4/25/12,-0.01
4/26/12,-0.01
4/27/12,0.00
4/28/12,0.01
4/29/12,0.01
4/30/12,0.02
5/1/12,0.02
5/2/12,0.02
5/3/12,0.01
5/4/12,0.00
5/5/12,-0.02
5/6/12,-0.02
5/7/12,-0.02
5/8/12,-0.03
5/9/12,-0.06
5/10/12,-0.06
5/11/12,-0.08
5/12/12,-0.08
5/13/12,-0.11
5/14/12,-0.14
5/15/12,-0.17
5/16/12,-0.18
5/17/12,-0.19
5/18/12,-0.19
5/19/12,-0.22
5/20/12,-0.23
5/21/12,-0.22
5/22/12,-0.20
5/23/12,-0.20
5/24/12,-0.21
5/25/12,-0.20
5/26/12,-0.19
5/27/12,-0.18
5/28/12,-0.16
5/29/12,-0.18
5/30/12,-0.18
5/31/12,-0.17
6/1/12,-0.20
6/2/12,-0.24
6/3/12,-0.24
6/4/12,-0.27
6/5/12,-0.27
6/6/12,-0.27
6/7/12,-0.26
6/8/12,-0.26
6/9/12,-0.25
6/10/12,-0.24
6/11/12,-0.25
6/12/12,-0.24
6/13/12,-0.24
6/14/12,-0.24
6/15/12,-0.24
6/16/12,-0.25
6/17/12,-0.24
6/18/12,-0.25
6/19/12,-0.25
6/20/12,-0.23
6/21/12,-0.23
6/22/12,-0.23
6/23/12,-0.24
6/24/12,-0.22
6/25/12,-0.23
6/26/12,-0.24
6/27/12,-0.22
6/28/12,-0.22
6/29/12,-0.20
6/30/12,-0.20
7/1/12,-0.20
7/2/12,-0.21
7/3/12,-0.22
7/4/12,-0.20
7/5/12,-0.20
7/6/12,-0.20
7/7/12,-0.22
7/8/12,-0.20
7/9/12,-0.19
7/10/12,-0.18
7/11/12,-0.19
7/12/12,-0.21
7/13/12,-0.23
7/14/12,-0.22
7/15/12,-0.22
7/16/12,-0.23
7/17/12,-0.24
7/18/12,-0.25
7/19/12,-0.25
7/20/12,-0.25
7/21/12,-0.26
7/22/12,-0.24
7/23/12,-0.23
7/24/12,-0.26
7/25/12,-0.26
7/26/12,-0.27
7/27/12,-0.27
7/28/12,-0.31
7/29/12,-0.29
7/30/12,-0.29
7/31/12,-0.29
8/1/12,-0.28
8/2/12,-0.29
8/3/12,-0.28
8/4/12,-0.28
8/5/12,-0.29
8/6/12,-0.25
8/7/12,-0.24
8/8/12,-0.23
8/9/12,-0.22
8/10/12,-0.22
8/11/12,-0.20
8/12/12,-0.19
8/13/12,-0.18
8/14/12,-0.17
8/15/12,-0.17
8/16/12,-0.15
8/17/12,-0.14
8/18/12,-0.12
8/19/12,-0.10
8/20/12,-0.09
8/21/12,-0.10
8/22/12,-0.10
8/23/12,-0.10
8/24/12,-0.12
8/25/12,-0.14
8/26/12,-0.15
8/27/12,-0.14
8/28/12,-0.11
8/29/12,-0.09
8/30/12,-0.08
8/31/12,-0.06
9/1/12,-0.06
9/2/12,-0.07
9/3/12,-0.06
9/4/12,-0.05
9/5/12,-0.06
9/6/12,-0.06
9/7/12,-0.08
9/8/12,-0.10
9/9/12,-0.08
9/10/12,-0.07
9/11/12,-0.08
9/12/12,-0.08
9/13/12,-0.08
9/14/12,-0.08
9/15/12,-0.07
9/16/12,-0.06
9/17/12,-0.04
9/18/12,-0.06
9/19/12,-0.06
9/20/12,-0.05
9/21/12,-0.05
9/22/12,-0.03
9/23/12,-0.03
9/24/12,-0.01
9/25/12,0.00
9/26/12,0.02
9/27/12,0.02
9/28/12,0.01
9/29/12,0.01
9/30/12,0.01
10/1/12,0.00
10/2/12,-0.01
10/3/12,-0.01
10/4/12,-0.01
10/5/12,0.00
10/6/12,-0.01
10/7/12,0.00
10/8/12,-0.01
10/9/12,-0.02
10/10/12,-0.04
10/11/12,-0.04
10/12/12,-0.04
10/13/12,-0.03
10/14/12,-0.02
10/15/12,0.00
10/16/12,0.03
10/17/12,0.04
10/18/12,0.04
10/19/12,0.03
10/20/12,0.03
10/21/12,0.02
10/22/12,0.04
10/23/12,0.03
10/24/12,0.01
10/25/12,0.01
10/26/12,0.01
10/27/12,0.00
10/28/12,0.00
10/29/12,0.00
10/30/12,0.02
10/31/12,0.02
11/1/12,0.02
11/2/12,0.02
11/3/12,0.01
11/4/12,0.03
11/5/12,0.02
11/6/12,0.01
11/7/12,0.02
11/8/12,0.00
11/9/12,-0.01
11/10/12,0.00
11/11/12,-0.01
11/12/12,-0.01
11/13/12,-0.02
11/14/12,-0.02
11/15/12,-0.03
11/16/12,-0.05
11/17/12,-0.03
11/18/12,-0.02
11/19/12,-0.01
11/20/12,0.00
11/21/12,-0.02
11/22/12,-0.04
11/23/12,-0.01
11/24/12,-0.01
11/25/12,0.01
11/26/12,0.02
11/27/12,0.03
11/28/12,0.04
11/29/12,0.04
11/30/12,0.02
12/1/12,0.03
12/2/12,0.02
12/3/12,0.03
12/4/12,0.03
12/5/12,0.02
12/6/12,0.02
12/7/12,0.01
12/8/12,0.00
12/9/12,0.00
12/10/12,0.01
12/11/12,0.01
12/12/12,0.01
12/13/12,0.01
12/14/12,0.02
12/15/12,0.02
12/16/12,0.02
12/17/12,0.03
12/18/12,0.02
12/19/12,0.02
12/20/12,0.01
12/21/12,0.01
12/22/12,0.00
12/23/12,-0.01
12/24/12,-0.03
12/25/12,-0.07
12/26/12,-0.06
12/27/12,-0.06
12/28/12,-0.07
12/29/12,-0.07
12/30/12,-0.07
12/31/12,-0.08
1/1/13,-0.08
1/2/13,-0.08
1/3/13,-0.08
1/4/13,-0.07
1/5/13,-0.06
1/6/13,-0.05
1/7/13,-0.05
1/8/13,-0.07
1/9/13,-0.07
1/10/13,-0.05
1/11/13,-0.06
1/12/13,-0.05
1/13/13,-0.04
1/14/13,-0.06
1/15/13,-0.09
1/16/13,-0.11
1/17/13,-0.12
1/18/13,-0.12
1/19/13,-0.14
1/20/13,-0.14
1/21/13,-0.12
1/22/13,-0.12
1/23/13,-0.11
1/24/13,-0.11
1/25/13,-0.10
1/26/13,-0.08
1/27/13,-0.06
1/28/13,-0.04
1/29/13,-0.04
1/30/13,-0.03
1/31/13,-0.03
2/1/13,-0.04
2/2/13,-0.03
2/3/13,-0.02
2/4/13,-0.01
2/5/13,-0.03
2/6/13,-0.04
2/7/13,-0.05
2/8/13,-0.05
2/9/13,-0.05
2/10/13,-0.02
2/11/13,-0.04
2/12/13,-0.04
2/13/13,-0.04
2/14/13,-0.04
2/15/13,-0.03
2/16/13,-0.03
2/17/13,-0.03
2/18/13,0.00
2/19/13,0.00
2/20/13,-0.01
2/21/13,-0.02
2/22/13,-0.02
2/23/13,-0.03
2/24/13,-0.06
2/25/13,-0.07
2/26/13,-0.09
2/27/13,-0.09
2/28/13,-0.09
3/1/13,-0.09
3/2/13,-0.11
3/3/13,-0.11
3/4/13,-0.12
3/5/13,-0.12
3/6/13,-0.11
3/7/13,-0.11
3/8/13,-0.09
3/9/13,-0.08
3/10/13,-0.06
3/11/13,-0.06
3/12/13,-0.05
3/13/13,-0.05
3/14/13,-0.03
3/15/13,-0.04
3/16/13,-0.03
3/17/13,0.00
3/18/13,0.00
3/19/13,-0.01
3/20/13,-0.02
3/21/13,-0.04
3/22/13,-0.03
3/23/13,0.00
3/24/13,-0.01
3/25/13,-0.01
3/26/13,-0.02
3/27/13,-0.01
3/28/13,0.00
3/29/13,0.00
3/30/13,-0.01
3/31/13,-0.01
4/1/13,0.00
4/2/13,-0.01
4/3/13,0.00
4/4/13,-0.01
4/5/13,-0.02
4/6/13,-0.03
4/7/13,-0.02
4/8/13,-0.02
4/9/13,-0.02
4/10/13,-0.03
4/11/13,-0.02
4/12/13,-0.02
4/13/13,-0.02
4/14/13,0.00
4/15/13,0.00
4/16/13,0.01
4/17/13,0.02
4/18/13,0.00
4/19/13,0.01
4/20/13,0.00
4/21/13,0.02
4/22/13,0.03
4/23/13,0.03
4/24/13,0.02
4/25/13,0.05
4/26/13,0.05
4/27/13,0.04
4/28/13,0.04
4/29/13,0.03
4/30/13,0.03
5/1/13,0.04
5/2/13,0.04
5/3/13,0.04
5/4/13,0.04
5/5/13,0.05
5/6/13,0.04
5/7/13,0.05
5/8/13,0.04
5/9/13,0.04
5/10/13,0.03
5/11/13,0.02
5/12/13,0.01
5/13/13,0.01
5/14/13,0.00
5/15/13,-0.02
5/16/13,-0.02
5/17/13,-0.03
5/18/13,-0.02
5/19/13,-0.02
5/20/13,-0.03
5/21/13,-0.03
5/22/13,-0.02
5/23/13,-0.02
5/24/13,-0.02
5/25/13,-0.03
5/26/13,-0.01
5/27/13,0.00
5/28/13,0.02
5/29/13,0.04
5/30/13,0.04
5/31/13,0.05
6/1/13,0.05
6/2/13,0.05
6/3/13,0.04
6/4/13,0.04
6/5/13,0.05
6/6/13,0.04
6/7/13,0.04
6/8/13,0.05
6/9/13,0.06
6/10/13,0.07
6/11/13,0.07
6/12/13,0.05
6/13/13,0.03
6/14/13,0.05
6/15/13,0.05
6/16/13,0.05
6/17/13,0.06
6/18/13,0.06
6/19/13,0.06
6/20/13,0.07
6/21/13,0.06
6/22/13,0.06
6/23/13,0.07
6/24/13,0.07
6/25/13,0.06
6/26/13,0.08
6/27/13,0.08
6/28/13,0.08
6/29/13,0.08
6/30/13,0.10
7/1/13,0.10
7/2/13,0.10
7/3/13,0.10
7/4/13,0.09
7/5/13,0.11
7/6/13,0.13
7/7/13,0.16
7/8/13,0.19
7/9/13,0.17
7/10/13,0.15
7/11/13,0.14
7/12/13,0.14
7/13/13,0.14
7/14/13,0.12
7/15/13,0.13
7/16/13,0.15
7/17/13,0.16
7/18/13,0.15
7/19/13,0.12
7/20/13,0.11
7/21/13,0.10
7/22/13,0.09
7/23/13,0.08
7/24/13,0.08
7/25/13,0.11
7/26/13,0.10
7/27/13,0.11
7/28/13,0.09
7/29/13,0.09
7/30/13,0.08
7/31/13,0.09
8/1/13,0.09
8/2/13,0.08
8/3/13,0.07
8/4/13,0.08
8/5/13,0.07
8/6/13,0.06
8/7/13,0.05
8/8/13,0.05
8/9/13,0.05
8/10/13,0.05
8/11/13,0.05
8/12/13,0.06
8/13/13,0.05
8/14/13,0.06
8/15/13,0.05
8/16/13,0.05
8/17/13,0.05
8/18/13,0.06
8/19/13,0.07
8/20/13,0.05
8/21/13,0.05
8/22/13,0.05
8/23/13,0.07
8/24/13,0.06
8/25/13,0.06
8/26/13,0.05
8/27/13,0.06
8/28/13,0.06
8/29/13,0.05
8/30/13,0.06
8/31/13,0.07
9/1/13,0.08
9/2/13,0.08
9/3/13,0.08
9/4/13,0.09
9/5/13,0.11
9/6/13,0.11
9/7/13,0.10
9/8/13,0.09
9/9/13,0.09
9/10/13,0.06
9/11/13,0.05
9/12/13,0.03
9/13/13,0.02
9/14/13,0.01
9/15/13,0.02
9/16/13,0.01
9/17/13,0.00
9/18/13,0.00
9/19/13,-0.01
9/20/13,-0.01
9/21/13,-0.02
9/22/13,-0.04
9/23/13,-0.06
9/24/13,-0.06
9/25/13,-0.07
9/26/13,-0.08
9/27/13,-0.09
9/28/13,-0.09
9/29/13,-0.08
9/30/13,-0.10
10/1/13,-0.12
10/2/13,-0.14
10/3/13,-0.16
10/4/13,-0.19
10/5/13,-0.21
10/6/13,-0.21
10/7/13,-0.23
10/8/13,-0.24
10/9/13,-0.25
10/10/13,-0.24
10/11/13,-0.25
10/12/13,-0.25
10/13/13,-0.23
10/14/13,-0.25
10/15/13,-0.26
10/16/13,-0.28
10/17/13,-0.27
10/18/13,-0.28
10/19/13,-0.29
10/20/13,-0.27
10/21/13,-0.28
10/22/13,-0.28
10/23/13,-0.29
10/24/13,-0.31
10/25/13,-0.30
10/26/13,-0.28
10/27/13,-0.27
10/28/13,-0.26
10/29/13,-0.25
10/30/13,-0.24
10/31/13,-0.24
11/1/13,-0.25
11/2/13,-0.22
11/3/13,-0.20
11/4/13,-0.18
11/5/13,-0.18
11/6/13,-0.16
11/7/13,-0.16
11/8/13,-0.16
11/9/13,-0.14
11/10/13,-0.13
11/11/13,-0.11
11/12/13,-0.09
11/13/13,-0.09
11/14/13,-0.09
11/15/13,-0.08
11/16/13,-0.07
11/17/13,-0.04
11/18/13,-0.04
11/19/13,-0.03
11/20/13,-0.03
11/21/13,-0.02
11/22/13,-0.01
11/23/13,-0.01
11/24/13,0.00
11/25/13,0.03
11/26/13,0.03
11/27/13,0.03
11/28/13,0.03
11/29/13,0.04
11/30/13,0.06
12/1/13,0.07
12/2/13,0.08
12/3/13,0.08
12/4/13,0.06
12/5/13,0.07
12/6/13,0.07
12/7/13,0.08
12/8/13,0.09
12/9/13,0.09
12/10/13,0.10
12/11/13,0.11
12/12/13,0.11
12/13/13,0.09
12/14/13,0.08
12/15/13,0.07
12/16/13,0.08
12/17/13,0.09
12/18/13,0.09
12/19/13,0.09
12/20/13,0.09
12/21/13,0.10
12/22/13,0.10
12/23/13,0.13
12/24/13,0.16
12/25/13,0.16
12/26/13,0.16
12/27/13,0.16
12/28/13,0.15
12/29/13,0.16
12/30/13,0.17
12/31/13,0.16
1/1/14,0.17
1/2/14,0.17
1/3/14,0.17
1/4/14,0.18
1/5/14,0.18
1/6/14,0.19
1/7/14,0.18
1/8/14,0.17
1/9/14,0.17
1/10/14,0.15
1/11/14,0.14
1/12/14,0.14
1/13/14,0.15
1/14/14,0.14
1/15/14,0.13
1/16/14,0.12
1/17/14,0.11
1/18/14,0.11
1/19/14,0.12
1/20/14,0.12
1/21/14,0.13
1/22/14,0.12
1/23/14,0.12
1/24/14,0.11
1/25/14,0.10
1/26/14,0.11
1/27/14,0.11
1/28/14,0.11
1/29/14,0.12
1/30/14,0.13
1/31/14,0.14
2/1/14,0.15
2/2/14,0.15
2/3/14,0.15
2/4/14,0.14
2/5/14,0.14
2/6/14,0.14
2/7/14,0.13
2/8/14,0.12
2/9/14,0.13
2/10/14,0.13
2/11/14,0.12
2/12/14,0.12
2/13/14,0.10
2/14/14,0.07
2/15/14,0.06
2/16/14,0.09
2/17/14,0.10
2/18/14,0.09
2/19/14,0.09
2/20/14,0.08
2/21/14,0.07
2/22/14,0.06
2/23/14,0.06
2/24/14,0.04
2/25/14,0.05
2/26/14,0.06
2/27/14,0.06
2/28/14,0.06
3/1/14,0.07
3/2/14,0.07
3/3/14,0.08
3/4/14,0.07
3/5/14,0.08
3/6/14,0.08
3/7/14,0.08
3/8/14,0.09
3/9/14,0.09
3/10/14,0.08
3/11/14,0.08
3/12/14,0.07
3/13/14,0.07
3/14/14,0.06
3/15/14,0.05
3/16/14,0.06
3/17/14,0.07
3/18/14,0.06
3/19/14,0.04
3/20/14,0.04
3/21/14,0.03
3/22/14,0.03
3/23/14,0.04
3/24/14,0.04
3/25/14,0.03
3/26/14,0.05
3/27/14,0.06
3/28/14,0.06
3/29/14,0.08
3/30/14,0.06
3/31/14,0.08
4/1/14,0.08
4/2/14,0.09
4/3/14,0.09
4/4/14,0.09
4/5/14,0.10
4/6/14,0.11
4/7/14,0.12
4/8/14,0.11
4/9/14,0.09
4/10/14,0.09
4/11/14,0.07
4/12/14,0.08
4/13/14,0.09
4/14/14,0.09
4/15/14,0.08
4/16/14,0.09
4/17/14,0.09
4/18/14,0.10
4/19/14,0.11
4/20/14,0.09
4/21/14,0.07
4/22/14,0.07
4/23/14,0.07
4/24/14,0.07
4/25/14,0.06
4/26/14,0.06
4/27/14,0.05
4/28/14,0.03
4/29/14,0.02
4/30/14,0.02
5/1/14,0.02
5/2/14,0.02
5/3/14,0.02
5/4/14,0.03
5/5/14,0.04
5/6/14,0.04
5/7/14,0.06
5/8/14,0.06
5/9/14,0.05
5/10/14,0.07
5/11/14,0.09
5/12/14,0.08
5/13/14,0.07
5/14/14,0.06
5/15/14,0.06
5/16/14,0.04
5/17/14,0.05
5/18/14,0.05
5/19/14,0.03
5/20/14,0.02
5/21/14,0.01
5/22/14,0.02
5/23/14,0.01
5/24/14,0.00
5/25/14,0.01
5/26/14,0.01
5/27/14,0.00
5/28/14,-0.01
5/29/14,-0.01
5/30/14,-0.02
5/31/14,-0.02
6/1/14,-0.01
6/2/14,0.01
6/3/14,0.02
6/4/14,0.02
6/5/14,0.03
6/6/14,0.04
6/7/14,0.05
6/8/14,0.08
6/9/14,0.08
6/10/14,0.07
6/11/14,0.08
6/12/14,0.07
6/13/14,0.09
6/14/14,0.07
6/15/14,0.06
6/16/14,0.06
6/17/14,0.05
6/18/14,0.05
6/19/14,0.05
6/20/14,0.05
6/21/14,0.05
6/22/14,0.08
6/23/14,0.08
6/24/14,0.09
6/25/14,0.08
6/26/14,0.07
6/27/14,0.08
6/28/14,0.06
6/29/14,0.06
6/30/14,0.05
7/1/14,0.02
7/2/14,0.03
7/3/14,0.03
7/4/14,0.05
7/5/14,0.06
7/6/14,0.05
7/7/14,0.05
7/8/14,0.04
7/9/14,0.04
7/10/14,0.04
7/11/14,0.01
7/12/14,-0.01
7/13/14,0.01
7/14/14,0.01
7/15/14,0.02
7/16/14,0.03
7/17/14,0.03
7/18/14,0.01
7/19/14,0.02
7/20/14,0.02
7/21/14,0.02
7/22/14,0.01
7/23/14,0.02
7/24/14,0.03
7/25/14,0.04
7/26/14,0.03
7/27/14,0.01
7/28/14,0.01
7/29/14,0.01
7/30/14,0.01
7/31/14,0.02
8/1/14,0.02
8/2/14,0.04
8/3/14,0.05
8/4/14,0.06
8/5/14,0.06
8/6/14,0.05
8/7/14,0.02
8/8/14,0.01
8/9/14,0.00
8/10/14,0.00
8/11/14,0.02
8/12/14,0.02
8/13/14,0.01
8/14/14,0.01
8/15/14,0.00
8/16/14,0.02
8/17/14,0.03
8/18/14,0.03
8/19/14,0.02
8/20/14,0.03
8/21/14,0.03
8/22/14,0.04
8/23/14,0.03
8/24/14,0.05
8/25/14,0.06
8/26/14,0.07
8/27/14,0.08
8/28/14,0.09
8/29/14,0.08
8/30/14,0.09
8/31/14,0.09
9/1/14,0.07
9/2/14,0.07
9/3/14,0.07
9/4/14,0.07
9/5/14,0.08
9/6/14,0.08
9/7/14,0.09
9/8/14,0.08
9/9/14,0.09
9/10/14,0.08
9/11/14,0.08
9/12/14,0.08
9/13/14,0.10
9/14/14,0.10
9/15/14,0.12
9/16/14,0.10
9/17/14,0.09
9/18/14,0.11
9/19/14,0.11
9/20/14,0.09
9/21/14,0.11
9/22/14,0.11
9/23/14,0.11
9/24/14,0.11
9/25/14,0.10
9/26/14,0.09
9/27/14,0.13
9/28/14,0.13
9/29/14,0.12
9/30/14,0.12
10/1/14,0.11
10/2/14,0.11
10/3/14,0.11
10/4/14,0.12
10/5/14,0.14
10/6/14,0.15
10/7/14,0.14
10/8/14,0.13
10/9/14,0.14
10/10/14,0.13
10/11/14,0.11
10/12/14,0.11
10/13/14,0.09
10/14/14,0.07
10/15/14,0.06
10/16/14,0.02
10/17/14,0.02
10/18/14,0.03
10/19/14,0.04
10/20/14,0.02
10/21/14,0.02
10/22/14,0.00
10/23/14,0.02
10/24/14,0.02
10/25/14,0.03
10/26/14,0.04
10/27/14,0.01
10/28/14,0.02
10/29/14,0.04
10/30/14,0.04
10/31/14,0.05
11/1/14,0.05
11/2/14,0.07
11/3/14,0.06
11/4/14,0.09
11/5/14,0.09
11/6/14,0.09
11/7/14,0.11
11/8/14,0.12
11/9/14,0.13
11/10/14,0.14
11/11/14,0.13
11/12/14,0.14
11/13/14,0.14
11/14/14,0.13
11/15/14,0.15
11/16/14,0.17
11/17/14,0.17
11/18/14,0.14
11/19/14,0.16
11/20/14,0.16
11/21/14,0.16
11/22/14,0.17
11/23/14,0.16
11/24/14,0.17
11/25/14,0.16
11/26/14,0.17
11/27/14,0.17
11/28/14,0.17
11/29/14,0.15
11/30/14,0.19
12/1/14,0.19
12/2/14,0.18
12/3/14,0.18
12/4/14,0.17
12/5/14,0.18
12/6/14,0.20
12/7/14,0.20
12/8/14,0.22
12/9/14,0.22
12/10/14,0.21
12/11/14,0.21
12/12/14,0.19
12/13/14,0.22
12/14/14,0.23
12/15/14,0.22
12/16/14,0.21
12/17/14,0.19
12/18/14,0.19
12/19/14,0.20
12/20/14,0.20
12/21/14,0.19
12/22/14,0.16
12/23/14,0.19
12/24/14,0.22
12/25/14,0.22
12/26/14,0.24
12/27/14,0.24
12/28/14,0.24
12/29/14,0.25
12/30/14,0.24
12/31/14,0.24
1/1/15,0.24
1/2/15,0.23
1/3/15,0.23
1/4/15,0.22
1/5/15,0.20
1/6/15,0.22
1/7/15,0.23
1/8/15,0.23
1/9/15,0.23
1/10/15,0.24
1/11/15,0.24
1/12/15,0.24
1/13/15,0.23
1/14/15,0.22
1/15/15,0.21
1/16/15,0.19
1/17/15,0.18
1/18/15,0.19
1/19/15,0.20
1/20/15,0.21
1/21/15,0.22
1/22/15,0.22
1/23/15,0.20
1/24/15,0.21
1/25/15,0.21
1/26/15,0.20
1/27/15,0.20
1/28/15,0.19
1/29/15,0.19
1/30/15,0.19
1/31/15,0.21
2/1/15,0.22
2/2/15,0.22
2/3/15,0.20
2/4/15,0.19
2/5/15,0.20
2/6/15,0.20
2/7/15,0.22
2/8/15,0.21
2/9/15,0.19
2/10/15,0.18
2/11/15,0.17
2/12/15,0.17
2/13/15,0.18
2/14/15,0.17
2/15/15,0.17
2/16/15,0.16
2/17/15,0.15
2/18/15,0.14
2/19/15,0.11
2/20/15,0.10
2/21/15,0.07
2/22/15,0.09
2/23/15,0.09
2/24/15,0.09
2/25/15,0.10
2/26/15,0.12
2/27/15,0.13
2/28/15,0.14
3/1/15,0.13
3/2/15,0.13
3/3/15,0.13
3/4/15,0.13
3/5/15,0.13
3/6/15,0.12
3/7/15,0.14
3/8/15,0.15
3/9/15,0.14
3/10/15,0.14
3/11/15,0.13
3/12/15,0.12
3/13/15,0.11
3/14/15,0.10
3/15/15,0.12
3/16/15,0.13
3/17/15,0.12
3/18/15,0.13
3/19/15,0.14
3/20/15,0.13
3/21/15,0.12
3/22/15,0.13
3/23/15,0.13
3/24/15,0.14
3/25/15,0.14
3/26/15,0.13
3/27/15,0.14
3/28/15,0.14
3/29/15,0.16
3/30/15,0.16
3/31/15,0.16
4/1/15,0.17
4/2/15,0.18
4/3/15,0.17
4/4/15,0.17
4/5/15,0.17
4/6/15,0.16
4/7/15,0.17
4/8/15,0.18
4/9/15,0.19
4/10/15,0.17
4/11/15,0.16
4/12/15,0.16
4/13/15,0.14
4/14/15,0.14
4/15/15,0.14
4/16/15,0.14
4/17/15,0.13
4/18/15,0.11
4/19/15,0.13
4/20/15,0.13
4/21/15,0.13
4/22/15,0.13
4/23/15,0.12
4/24/15,0.10
4/25/15,0.11
4/26/15,0.12
4/27/15,0.13
4/28/15,0.14
4/29/15,0.15
4/30/15,0.15
5/1/15,0.15
5/2/15,0.17
5/3/15,0.17
5/4/15,0.17
5/5/15,0.17
5/6/15,0.15
5/7/15,0.15
5/8/15,0.17
5/9/15,0.16
5/10/15,0.14
5/11/15,0.15
5/12/15,0.13
5/13/15,0.13
5/14/15,0.13
5/15/15,0.13
5/16/15,0.14
5/17/15,0.14
5/18/15,0.15
5/19/15,0.14
5/20/15,0.14
5/21/15,0.14
5/22/15,0.13
5/23/15,0.14
5/24/15,0.12
5/25/15,0.11
5/26/15,0.10
5/27/15,0.08
5/28/15,0.05
5/29/15,0.04
5/30/15,0.04
5/31/15,0.03
6/1/15,0.05
6/2/15,0.05
6/3/15,0.04
6/4/15,0.03
6/5/15,0.03
6/6/15,0.04
6/7/15,0.06
6/8/15,0.06
6/9/15,0.04
6/10/15,0.04
6/11/15,0.04
6/12/15,0.04
6/13/15,0.04
6/14/15,0.05
6/15/15,0.04
6/16/15,0.04
6/17/15,0.05
6/18/15,0.07
6/19/15,0.07
6/20/15,0.06
6/21/15,0.06
6/22/15,0.07
6/23/15,0.07
6/24/15,0.08
6/25/15,0.07
6/26/15,0.09
6/27/15,0.11
6/28/15,0.12
6/29/15,0.09
6/30/15,0.05
7/1/15,0.05
7/2/15,0.05
7/3/15,0.04
7/4/15,0.03
7/5/15,0.02
7/6/15,0.00
7/7/15,0.00
7/8/15,-0.01
7/9/15,-0.01
7/10/15,-0.03
7/11/15,-0.03
7/12/15,-0.04
7/13/15,-0.04
7/14/15,-0.04
7/15/15,-0.04
7/16/15,-0.04
7/17/15,-0.03
7/18/15,0.00
7/19/15,0.00
7/20/15,0.01
7/21/15,0.00
7/22/15,0.02
7/23/15,0.03
7/24/15,0.04
7/25/15,0.04
7/26/15,0.04
7/27/15,0.05
7/28/15,0.06
7/29/15,0.08
7/30/15,0.09
7/31/15,0.09
8/1/15,0.09
8/2/15,0.07
8/3/15,0.07
8/4/15,0.08
8/5/15,0.10
8/6/15,0.10
8/7/15,0.12
8/8/15,0.13
8/9/15,0.13
8/10/15,0.15
8/11/15,0.15
8/12/15,0.14
8/13/15,0.13
8/14/15,0.12
8/15/15,0.10
8/16/15,0.12
8/17/15,0.12
8/18/15,0.13
8/19/15,0.11
8/20/15,0.10
8/21/15,0.08
8/22/15,0.05
8/23/15,0.06
8/24/15,0.05
8/25/15,0.01
8/26/15,0.00
8/27/15,0.02
8/28/15,0.02
8/29/15,0.05
8/30/15,0.05
8/31/15,0.05
9/1/15,0.04
9/2/15,0.04
9/3/15,0.05
9/4/15,0.05
9/5/15,0.04
9/6/15,0.05
9/7/15,0.04
9/8/15,0.05
9/9/15,0.06
9/10/15,0.05
9/11/15,0.05
9/12/15,0.04
9/13/15,0.04
9/14/15,0.04
9/15/15,0.03
9/16/15,0.03
9/17/15,0.03
9/18/15,0.02
9/19/15,0.02
9/20/15,0.04
9/21/15,0.04
9/22/15,0.05
9/23/15,0.03
9/24/15,0.02
9/25/15,0.02
9/26/15,0.01
9/27/15,0.03
9/28/15,0.05
9/29/15,0.05
9/30/15,0.06
10/1/15,0.04
10/2/15,0.03
10/3/15,0.02
10/4/15,0.03
10/5/15,0.04
10/6/15,0.04
10/7/15,0.04
10/8/15,0.02
10/9/15,0.01
10/10/15,0.00
10/11/15,0.00
10/12/15,0.01
10/13/15,0.05
10/14/15,0.03
10/15/15,0.01
10/16/15,0.00
10/17/15,0.01
10/18/15,0.02
10/19/15,0.02
10/20/15,0.02
10/21/15,0.02
10/22/15,0.02
10/23/15,0.02
10/24/15,0.02
10/25/15,0.01
10/26/15,0.01
10/27/15,0.01
10/28/15,0.01
10/29/15,0.01
10/30/15,0.01
10/31/15,-0.01
11/1/15,-0.02
11/2/15,-0.01
11/3/15,-0.01
11/4/15,0.00
11/5/15,0.01
11/6/15,0.00
11/7/15,0.03
11/8/15,0.06
11/9/15,0.08
11/10/15,0.09
11/11/15,0.09
11/12/15,0.09
11/13/15,0.11
11/14/15,0.10
11/15/15,0.11
11/16/15,0.09
11/17/15,0.10
11/18/15,0.09
11/19/15,0.07
11/20/15,0.07
11/21/15,0.08
11/22/15,0.10
11/23/15,0.11
11/24/15,0.10
11/25/15,0.09
11/26/15,0.10
11/27/15,0.11
11/28/15,0.13
11/29/15,0.16
11/30/15,0.17
12/1/15,0.14
12/2/15,0.15
12/3/15,0.14
12/4/15,0.13
12/5/15,0.15
12/6/15,0.16
12/7/15,0.18
12/8/15,0.17
12/9/15,0.15
12/10/15,0.14
12/11/15,0.14
12/12/15,0.16
12/13/15,0.17
12/14/15,0.15
12/15/15,0.16
12/16/15,0.16
12/17/15,0.16
12/18/15,0.16
12/19/15,0.14
12/20/15,0.14
12/21/15,0.13
12/22/15,0.13
12/23/15,0.13
12/24/15,0.13
12/25/15,0.14
12/26/15,0.19
12/27/15,0.19
12/28/15,0.19
12/29/15,0.22
12/30/15,0.21
12/31/15,0.19
1/1/16,0.16
1/2/16,0.19
1/3/16,0.17
1/4/16,0.18
1/5/16,0.15
1/6/16,0.14
1/7/16,0.12
1/8/16,0.12
1/9/16,0.13
1/10/16,0.14
1/11/16,0.13
1/12/16,0.11
1/13/16,0.12
1/14/16,0.11
1/15/16,0.10
1/16/16,0.07
1/17/16,0.06
1/18/16,0.06
1/19/16,0.05
1/20/16,0.03
1/21/16,0.01
1/22/16,0.01
1/23/16,0.00
1/24/16,0.00
1/25/16,0.00
1/26/16,0.00
1/27/16,0.00
1/28/16,0.00
1/29/16,-0.01
1/30/16,-0.01
1/31/16,-0.01
2/1/16,-0.02
2/2/16,0.00
2/3/16,0.01
2/4/16,0.00
2/5/16,-0.01
2/6/16,-0.02
2/7/16,-0.02
2/8/16,-0.02
2/9/16,-0.03
2/10/16,-0.05
2/11/16,-0.07
2/12/16,-0.09
2/13/16,-0.09
2/14/16,-0.08
2/15/16,-0.08
2/16/16,-0.09
2/17/16,-0.09
2/18/16,-0.10
2/19/16,-0.09
2/20/16,-0.08
2/21/16,-0.05
2/22/16,-0.05
2/23/16,-0.04
2/24/16,-0.05
2/25/16,-0.06
2/26/16,-0.05
2/27/16,-0.04
2/28/16,-0.02
2/29/16,-0.03
3/1/16,-0.04
3/2/16,-0.03
3/3/16,-0.03
3/4/16,-0.04
3/5/16,-0.04
3/6/16,-0.02
3/7/16,-0.02
3/8/16,-0.02
3/9/16,-0.02
3/10/16,-0.03
3/11/16,-0.03
3/12/16,-0.05
3/13/16,-0.04
3/14/16,-0.04
3/15/16,-0.03
3/16/16,-0.03
3/17/16,-0.04
3/18/16,-0.05
3/19/16,-0.05
3/20/16,-0.03
3/21/16,-0.02
3/22/16,-0.02
3/23/16,-0.02
3/24/16,-0.03
3/25/16,-0.03
3/26/16,0.00
3/27/16,0.00
3/28/16,0.00
3/29/16,0.02
3/30/16,0.02
3/31/16,0.01
4/1/16,0.02
4/2/16,0.02
4/3/16,0.01
4/4/16,0.01
4/5/16,-0.01
4/6/16,-0.01
4/7/16,-0.03
4/8/16,-0.03
4/9/16,-0.02
4/10/16,-0.01
4/11/16,0.00
4/12/16,0.01
4/13/16,0.00
4/14/16,-0.01
4/15/16,-0.03
4/16/16,-0.03
4/17/16,-0.01
4/18/16,-0.02
4/19/16,-0.02
4/20/16,-0.02
4/21/16,-0.02
4/22/16,-0.02
4/23/16,0.01
4/24/16,-0.01
4/25/16,-0.01
4/26/16,0.00
4/27/16,-0.02
4/28/16,-0.02
4/29/16,-0.01
4/30/16,-0.02
5/1/16,-0.02
5/2/16,-0.02
5/3/16,-0.02
5/4/16,-0.01
5/5/16,-0.02
5/6/16,0.00
5/7/16,-0.01
5/8/16,0.01
5/9/16,0.01
5/10/16,0.00
5/11/16,0.00
5/12/16,0.01
5/13/16,0.01
5/14/16,0.02
5/15/16,0.01
5/16/16,0.03
5/17/16,0.04
5/18/16,0.03
5/19/16,0.04
5/20/16,0.04
5/21/16,0.07
5/22/16,0.10
5/23/16,0.09
5/24/16,0.07
5/25/16,0.07
5/26/16,0.08
5/27/16,0.09
5/28/16,0.10
5/29/16,0.10
5/30/16,0.11
5/31/16,0.12
6/1/16,0.14
6/2/16,0.14
6/3/16,0.12
6/4/16,0.10
6/5/16,0.12
6/6/16,0.12
6/7/16,0.12
6/8/16,0.13
6/9/16,0.13
6/10/16,0.11
6/11/16,0.10
6/12/16,0.11
6/13/16,0.09
6/14/16,0.09
6/15/16,0.08
6/16/16,0.06
6/17/16,0.05
6/18/16,0.00
6/19/16,-0.02
6/20/16,-0.04
6/21/16,-0.04
6/22/16,-0.04
6/23/16,-0.05
6/24/16,-0.05
6/25/16,-0.05
6/26/16,-0.06
6/27/16,-0.07
6/28/16,-0.07
6/29/16,-0.07
6/30/16,-0.08
7/1/16,-0.08
7/2/16,-0.07
7/3/16,-0.05
7/4/16,-0.05
7/5/16,-0.06
7/6/16,-0.07
7/7/16,-0.07
7/8/16,-0.06
7/9/16,-0.04
7/10/16,-0.03
7/11/16,-0.03
7/12/16,-0.05
7/13/16,-0.05
7/14/16,-0.05
7/15/16,-0.03
7/16/16,-0.02
7/17/16,-0.03
7/18/16,-0.02
7/19/16,-0.04
7/20/16,-0.02
7/21/16,-0.02
7/22/16,-0.01
7/23/16,0.01
7/24/16,0.01
7/25/16,0.01
7/26/16,0.02
7/27/16,0.04
7/28/16,0.03
7/29/16,0.04
7/30/16,0.05
7/31/16,0.07
8/1/16,0.08
8/2/16,0.08
8/3/16,0.08
8/4/16,0.07
8/5/16,0.08
8/6/16,0.10
8/7/16,0.09
8/8/16,0.10
8/9/16,0.10
8/10/16,0.12
8/11/16,0.11
8/12/16,0.12
8/13/16,0.14
8/14/16,0.15
8/15/16,0.13
8/16/16,0.15
8/17/16,0.15
8/18/16,0.16
8/19/16,0.17
8/20/16,0.18
8/21/16,0.19
8/22/16,0.20
8/23/16,0.19
8/24/16,0.19
8/25/16,0.17
8/26/16,0.17
8/27/16,0.18
8/28/16,0.19
8/29/16,0.18
8/30/16,0.17
8/31/16,0.16
9/1/16,0.15
9/2/16,0.14
9/3/16,0.13
9/4/16,0.15
9/5/16,0.15
9/6/16,0.15
9/7/16,0.14
9/8/16,0.13
9/9/16,0.12
9/10/16,0.13
9/11/16,0.13
9/12/16,0.12
9/13/16,0.12
9/14/16,0.13
9/15/16,0.13
9/16/16,0.13
9/17/16,0.13
9/18/16,0.13
9/19/16,0.11
9/20/16,0.10
9/21/16,0.09
9/22/16,0.09
9/23/16,0.08
9/24/16,0.09
9/25/16,0.10
9/26/16,0.08
9/27/16,0.07
9/28/16,0.07
9/29/16,0.06
9/30/16,0.06
10/1/16,0.06
10/2/16,0.07
10/3/16,0.07
10/4/16,0.06
10/5/16,0.05
10/6/16,0.05
10/7/16,0.05
10/8/16,0.05
10/9/16,0.06
10/10/16,0.07
10/11/16,0.07
10/12/16,0.07
10/13/16,0.06
10/14/16,0.06
10/15/16,0.07
10/16/16,0.06
10/17/16,0.05
10/18/16,0.05
10/19/16,0.06
10/20/16,0.05
10/21/16,0.05
10/22/16,0.07
10/23/16,0.07
10/24/16,0.08
10/25/16,0.10
10/26/16,0.10
10/27/16,0.10
10/28/16,0.09
10/29/16,0.12
10/30/16,0.12
10/31/16,0.11
11/1/16,0.10
11/2/16,0.09
11/3/16,0.08
11/4/16,0.10
11/5/16,0.12
11/6/16,0.12
11/7/16,0.12
11/8/16,0.13
11/9/16,0.14
11/10/16,0.15
11/11/16,0.16
11/12/16,0.19
11/13/16,0.21
11/14/16,0.22
11/15/16,0.23
11/16/16,0.23
11/17/16,0.23
11/18/16,0.24
11/19/16,0.26
11/20/16,0.27
11/21/16,0.27
11/22/16,0.27
11/23/16,0.28
11/24/16,0.28
11/25/16,0.27
11/26/16,0.26
11/27/16,0.29
11/28/16,0.29
11/29/16,0.29
11/30/16,0.30
12/1/16,0.30
12/2/16,0.30
12/3/16,0.31
12/4/16,0.32
12/5/16,0.32
12/6/16,0.31
12/7/16,0.31
12/8/16,0.31
12/9/16,0.31
12/10/16,0.33
12/11/16,0.33
12/12/16,0.32
12/13/16,0.31
12/14/16,0.32
12/15/16,0.32
12/16/16,0.32
12/17/16,0.31
12/18/16,0.32
12/19/16,0.28
12/20/16,0.27
12/21/16,0.25
12/22/16,0.25
12/23/16,0.27
12/24/16,0.25
12/25/16,0.23
12/26/16,0.24
12/27/16,0.25
12/28/16,0.25
12/29/16,0.25
12/30/16,0.25
12/31/16,0.25
1/1/17,0.26
1/2/17,0.26
1/3/17,0.27
1/4/17,0.28
1/5/17,0.29
1/6/17,0.31
1/7/17,0.33
1/8/17,0.32
1/9/17,0.31
1/10/17,0.30
1/11/17,0.30
1/12/17,0.27
1/13/17,0.27
1/14/17,0.30
1/15/17,0.30
1/16/17,0.31
1/17/17,0.32
1/18/17,0.33
1/19/17,0.33
1/20/17,0.32
1/21/17,0.31
1/22/17,0.32
1/23/17,0.32
1/24/17,0.32
1/25/17,0.31
1/26/17,0.30
1/27/17,0.30
1/28/17,0.31
1/29/17,0.31
1/30/17,0.30
1/31/17,0.29
2/1/17,0.28
2/2/17,0.29
2/3/17,0.29
2/4/17,0.31
2/5/17,0.32
2/6/17,0.32
2/7/17,0.32
2/8/17,0.31
2/9/17,0.31
2/10/17,0.31
2/11/17,0.30
2/12/17,0.29
2/13/17,0.30
2/14/17,0.31
2/15/17,0.31
2/16/17,0.31
2/17/17,0.30
2/18/17,0.30
2/19/17,0.33
2/20/17,0.33
2/21/17,0.32
2/22/17,0.31
2/23/17,0.31
2/24/17,0.31
2/25/17,0.32
2/26/17,0.32
2/27/17,0.33
2/28/17,0.33
3/1/17,0.33
3/2/17,0.33
3/3/17,0.33
3/4/17,0.33
3/5/17,0.34
3/6/17,0.33
3/7/17,0.32
3/8/17,0.30
3/9/17,0.29
3/10/17,0.28
3/11/17,0.30
3/12/17,0.28
3/13/17,0.28
3/14/17,0.26
3/15/17,0.26
3/16/17,0.26
3/17/17,0.26
3/18/17,0.26
3/19/17,0.26
3/20/17,0.26
3/21/17,0.25
3/22/17,0.24
3/23/17,0.23
3/24/17,0.23
3/25/17,0.22
3/26/17,0.24
3/27/17,0.24
3/28/17,0.22
3/29/17,0.23
3/30/17,0.22
3/31/17,0.22
4/1/17,0.22
4/2/17,0.23
4/3/17,0.23
4/4/17,0.22
4/5/17,0.20
4/6/17,0.20
4/7/17,0.20
4/8/17,0.19
4/9/17,0.20
4/10/17,0.20
4/11/17,0.19
4/12/17,0.17
4/13/17,0.18
4/14/17,0.20
4/15/17,0.17
4/16/17,0.18
4/17/17,0.20
4/18/17,0.19
4/19/17,0.19
4/20/17,0.19
4/21/17,0.16
4/22/17,0.16
4/23/17,0.16
4/24/17,0.16
4/25/17,0.16
4/26/17,0.17
4/27/17,0.18
4/28/17,0.18
4/29/17,0.19
4/30/17,0.20
5/1/17,0.21
5/2/17,0.22
5/3/17,0.22
5/4/17,0.21
5/5/17,0.21
5/6/17,0.21
5/7/17,0.22
5/8/17,0.23
5/9/17,0.21
5/10/17,0.22
5/11/17,0.22
5/12/17,0.23
5/13/17,0.23
5/14/17,0.23
5/15/17,0.24
5/16/17,0.24
5/17/17,0.23
5/18/17,0.22
5/19/17,0.21
5/20/17,0.20
5/21/17,0.20
5/22/17,0.20
5/23/17,0.19
5/24/17,0.19
5/25/17,0.18
5/26/17,0.16
5/27/17,0.17
5/28/17,0.19
5/29/17,0.18
5/30/17,0.18
5/31/17,0.18
6/1/17,0.18
6/2/17,0.17
6/3/17,0.16
6/4/17,0.15
6/5/17,0.14
6/6/17,0.14
6/7/17,0.13
6/8/17,0.11
6/9/17,0.10
6/10/17,0.08
6/11/17,0.09
6/12/17,0.10
6/13/17,0.09
6/14/17,0.10
6/15/17,0.09
6/16/17,0.10
6/17/17,0.11
6/18/17,0.11
6/19/17,0.11
6/20/17,0.11
6/21/17,0.12
6/22/17,0.11
6/23/17,0.10
6/24/17,0.08
6/25/17,0.09
6/26/17,0.09
6/27/17,0.08
6/28/17,0.08
6/29/17,0.07
6/30/17,0.06
7/1/17,0.04
7/2/17,0.03
7/3/17,0.04
7/4/17,0.04
7/5/17,0.03
7/6/17,0.03
7/7/17,0.04
7/8/17,0.04
7/9/17,0.04
7/10/17,0.05
7/11/17,0.05
7/12/17,0.05
7/13/17,0.06
7/14/17,0.07
7/15/17,0.08
7/16/17,0.08
7/17/17,0.08
7/18/17,0.09
7/19/17,0.10
7/20/17,0.10
7/21/17,0.10
7/22/17,0.09
7/23/17,0.10
7/24/17,0.10
7/25/17,0.10
7/26/17,0.12
7/27/17,0.12
7/28/17,0.13
7/29/17,0.15
7/30/17,0.15
7/31/17,0.15
8/1/17,0.16
8/2/17,0.15
8/3/17,0.16
8/4/17,0.16
8/5/17,0.18
8/6/17,0.18
8/7/17,0.19
8/8/17,0.17
8/9/17,0.19
8/10/17,0.18
8/11/17,0.16
8/12/17,0.13
8/13/17,0.12
8/14/17,0.14
8/15/17,0.14
8/16/17,0.14
8/17/17,0.14
8/18/17,0.14
8/19/17,0.14
8/20/17,0.15
8/21/17,0.16
8/22/17,0.15
8/23/17,0.13
8/24/17,0.10
8/25/17,0.08
8/26/17,0.07
8/27/17,0.09
8/28/17,0.10
8/29/17,0.10
8/30/17,0.12
8/31/17,0.14
9/1/17,0.15
9/2/17,0.13
9/3/17,0.11
9/4/17,0.08
9/5/17,0.07
9/6/17,0.06
9/7/17,0.04
9/8/17,0.03
9/9/17,0.02
9/10/17,0.03
9/11/17,0.02
9/12/17,0.02
9/13/17,0.02
9/14/17,0.03
9/15/17,0.02
9/16/17,0.02
9/17/17,0.02
9/18/17,0.03
9/19/17,0.04
9/20/17,0.04
9/21/17,0.05
9/22/17,0.04
9/23/17,0.04
9/24/17,0.06
9/25/17,0.05
9/26/17,0.05
9/27/17,0.06
9/28/17,0.07
9/29/17,0.10
9/30/17,0.12
10/1/17,0.14
10/2/17,0.15
10/3/17,0.15
10/4/17,0.15
10/5/17,0.15
10/6/17,0.15
10/7/17,0.13
10/8/17,0.11
10/9/17,0.11
10/10/17,0.10
10/11/17,0.11
10/12/17,0.11
10/13/17,0.12
10/14/17,0.10
10/15/17,0.11
10/16/17,0.14
10/17/17,0.15
10/18/17,0.17
10/19/17,0.17
10/20/17,0.17
10/21/17,0.15
10/22/17,0.15
10/23/17,0.17
10/24/17,0.17
10/25/17,0.18
10/26/17,0.18
10/27/17,0.20
10/28/17,0.22
10/29/17,0.23
10/30/17,0.24
10/31/17,0.25
11/1/17,0.25
11/2/17,0.26
11/3/17,0.26
11/4/17,0.26
11/5/17,0.27
11/6/17,0.28
11/7/17,0.29
11/8/17,0.30
11/9/17,0.30
11/10/17,0.29
11/11/17,0.29
11/12/17,0.30
11/13/17,0.30
11/14/17,0.30
11/15/17,0.30
11/16/17,0.29
11/17/17,0.28
11/18/17,0.27
11/19/17,0.27
11/20/17,0.29
11/21/17,0.29
11/22/17,0.27
11/23/17,0.24
11/24/17,0.24
11/25/17,0.20
11/26/17,0.20
11/27/17,0.20
11/28/17,0.21
11/29/17,0.21
11/30/17,0.21
12/1/17,0.21
12/2/17,0.20
12/3/17,0.20
12/4/17,0.20
12/5/17,0.21
12/6/17,0.21
12/7/17,0.20
12/8/17,0.22
12/9/17,0.23
12/10/17,0.25
12/11/17,0.25
12/12/17,0.27
12/13/17,0.26
12/14/17,0.26
12/15/17,0.27
12/16/17,0.28
12/17/17,0.29
12/18/17,0.29
12/19/17,0.28
12/20/17,0.28
12/21/17,0.28
12/22/17,0.28
12/23/17,0.29
12/24/17,0.29
12/25/17,0.31
12/26/17,0.31
12/27/17,0.31
12/28/17,0.30
12/29/17,0.29
12/30/17,0.27
12/31/17,0.29
1/1/18,0.27
1/2/18,0.26
1/3/18,0.28
1/4/18,0.25
1/5/18,0.25
1/6/18,0.27
1/7/18,0.27
1/8/18,0.29
1/9/18,0.29
1/10/18,0.30
1/11/18,0.29
1/12/18,0.30
1/13/18,0.29
1/14/18,0.29
1/15/18,0.25
1/16/18,0.24
1/17/18,0.24
1/18/18,0.24
1/19/18,0.24
1/20/18,0.22
1/21/18,0.19
1/22/18,0.18
1/23/18,0.18
1/24/18,0.18
1/25/18,0.19
1/26/18,0.21
1/27/18,0.21
1/28/18,0.21
1/29/18,0.20
1/30/18,0.21
1/31/18,0.23
2/1/18,0.23
2/2/18,0.23
2/3/18,0.23
2/4/18,0.24
2/5/18,0.25
2/6/18,0.23
2/7/18,0.21
2/8/18,0.19
2/9/18,0.17
2/10/18,0.17
2/11/18,0.16
2/12/18,0.16
2/13/18,0.16
2/14/18,0.17
2/15/18,0.17
2/16/18,0.17
2/17/18,0.16
2/18/18,0.15
2/19/18,0.13
2/20/18,0.14
2/21/18,0.14
2/22/18,0.13
2/23/18,0.14
2/24/18,0.14
2/25/18,0.14
2/26/18,0.16
2/27/18,0.17
2/28/18,0.19
3/1/18,0.18
3/2/18,0.17
3/3/18,0.15
3/4/18,0.14
3/5/18,0.13
3/6/18,0.12
3/7/18,0.11
3/8/18,0.11
3/9/18,0.10
3/10/18,0.11
3/11/18,0.12
3/12/18,0.13
3/13/18,0.13
3/14/18,0.14
3/15/18,0.14
3/16/18,0.14
3/17/18,0.15
3/18/18,0.16
3/19/18,0.15
3/20/18,0.14
3/21/18,0.13
3/22/18,0.13
3/23/18,0.11
3/24/18,0.09
3/25/18,0.09
3/26/18,0.09
3/27/18,0.08
3/28/18,0.08
3/29/18,0.09
3/30/18,0.09
3/31/18,0.08
4/1/18,0.08
4/2/18,0.05
4/3/18,0.06
4/4/18,0.05
4/5/18,0.03
4/6/18,0.01
4/7/18,-0.01
4/8/18,0.01
4/9/18,0.00
4/10/18,-0.02
4/11/18,-0.02
4/12/18,-0.01
4/13/18,-0.01
4/14/18,0.00
4/15/18,0.02
4/16/18,0.01
4/17/18,0.02
4/18/18,0.01
4/19/18,0.01
4/20/18,0.01
4/21/18,0.02
4/22/18,0.00
4/23/18,0.01
4/24/18,0.02
4/25/18,0.02
4/26/18,0.01
4/27/18,0.03
4/28/18,0.04
4/29/18,0.06
4/30/18,0.06
5/1/18,0.05
5/2/18,0.05
5/3/18,0.05
5/4/18,0.05
5/5/18,0.06
5/6/18,0.06
5/7/18,0.06
5/8/18,0.07
5/9/18,0.07
5/10/18,0.05
5/11/18,0.05
5/12/18,0.05
5/13/18,0.06
5/14/18,0.06
5/15/18,0.06
5/16/18,0.05
5/17/18,0.05
5/18/18,0.05
5/19/18,0.05
5/20/18,0.05
5/21/18,0.06
5/22/18,0.04
5/23/18,0.03
5/24/18,0.02
5/25/18,0.02
5/26/18,0.02
5/27/18,0.04
5/28/18,0.04
5/29/18,0.02
5/30/18,0.00
5/31/18,-0.01
6/1/18,-0.03
6/2/18,-0.03
6/3/18,-0.04
6/4/18,-0.05
6/5/18,-0.06
6/6/18,-0.06
6/7/18,-0.06
6/8/18,-0.05
6/9/18,-0.04
6/10/18,-0.04
6/11/18,-0.05
6/12/18,-0.05
6/13/18,-0.04
6/14/18,-0.03
6/15/18,-0.03
6/16/18,-0.03
6/17/18,-0.03
6/18/18,-0.04
6/19/18,-0.06
6/20/18,-0.08
6/21/18,-0.09
6/22/18,-0.09
6/23/18,-0.09
6/24/18,-0.10
6/25/18,-0.11
6/26/18,-0.13
6/27/18,-0.14
6/28/18,-0.14
6/29/18,-0.13
6/30/18,-0.14
7/1/18,-0.13
7/2/18,-0.13
7/3/18,-0.13
7/4/18,-0.14
7/5/18,-0.15
7/6/18,-0.15
7/7/18,-0.17
7/8/18,-0.17
7/9/18,-0.15
7/10/18,-0.14
7/11/18,-0.14
7/12/18,-0.15
7/13/18,-0.14
7/14/18,-0.14
7/15/18,-0.13
7/16/18,-0.12
7/17/18,-0.12
7/18/18,-0.12
7/19/18,-0.13
7/20/18,-0.13
7/21/18,-0.12
7/22/18,-0.12
7/23/18,-0.11
7/24/18,-0.10
7/25/18,-0.10
7/26/18,-0.09
7/27/18,-0.07
7/28/18,-0.03
7/29/18,-0.03
7/30/18,-0.04
7/31/18,-0.02
8/1/18,-0.01
8/2/18,0.00
8/3/18,0.01
8/4/18,0.00
8/5/18,-0.01
8/6/18,-0.02
8/7/18,-0.03
8/8/18,-0.03
8/9/18,-0.03
8/10/18,-0.01
8/11/18,-0.03
8/12/18,-0.02
8/13/18,-0.03
8/14/18,-0.05
8/15/18,-0.08
8/16/18,-0.08
8/17/18,-0.09
8/18/18,-0.09
8/19/18,-0.07
8/20/18,-0.07
8/21/18,-0.05
8/22/18,-0.04
8/23/18,-0.04
8/24/18,-0.03
8/25/18,-0.03
8/26/18,-0.05
8/27/18,-0.04
8/28/18,-0.02
8/29/18,0.00
8/30/18,0.01
8/31/18,0.02
9/1/18,0.04
9/2/18,0.04
9/3/18,0.03
9/4/18,0.02
9/5/18,0.02
9/6/18,0.03
9/7/18,0.04
9/8/18,0.04
9/9/18,0.04
9/10/18,0.03
9/11/18,0.02
9/12/18,0.02
9/13/18,0.01
9/14/18,0.00
9/15/18,-0.01
9/16/18,-0.03
9/17/18,-0.01
9/18/18,-0.01
9/19/18,-0.02
9/20/18,-0.02
9/21/18,-0.03
9/22/18,-0.03
9/23/18,-0.02
9/24/18,-0.02
9/25/18,-0.02
9/26/18,-0.01
9/27/18,0.00
9/28/18,0.00
9/29/18,0.02
9/30/18,0.03
10/1/18,0.06
10/2/18,0.08
10/3/18,0.10
10/4/18,0.10
10/5/18,0.10
10/6/18,0.09
10/7/18,0.10
10/8/18,0.11
10/9/18,0.09
10/10/18,0.10
10/11/18,0.09
10/12/18,0.08
10/13/18,0.07
10/14/18,0.07
10/15/18,0.05
10/16/18,0.05
10/17/18,0.04
10/18/18,0.02
10/19/18,-0.01
10/20/18,0.02
10/21/18,0.00
10/22/18,0.00
10/23/18,0.00
10/24/18,0.01
10/25/18,-0.01
10/26/18,0.00
10/27/18,0.01
10/28/18,0.02
10/29/18,0.03
10/30/18,0.02
10/31/18,0.03
11/1/18,0.04
11/2/18,0.04
11/3/18,0.05
11/4/18,0.04
11/5/18,0.05
11/6/18,0.04
11/7/18,0.03
11/8/18,0.03
11/9/18,0.04
11/10/18,0.04
11/11/18,0.03
11/12/18,0.04
11/13/18,0.05
11/14/18,0.07
11/15/18,0.07
11/16/18,0.06
11/17/18,0.07
11/18/18,0.06
11/19/18,0.05
11/20/18,0.07
11/21/18,0.04
11/22/18,0.05
11/23/18,0.04
11/24/18,0.05
11/25/18,0.08
11/26/18,0.09
11/27/18,0.08
11/28/18,0.09
11/29/18,0.08
11/30/18,0.08
12/1/18,0.09
12/2/18,0.09
12/3/18,0.09
12/4/18,0.09
12/5/18,0.09
12/6/18,0.08
12/7/18,0.06
12/8/18,0.05
12/9/18,0.07
12/10/18,0.06
12/11/18,0.03
12/12/18,0.02
12/13/18,0.01
12/14/18,0.01
12/15/18,0.01
12/16/18,0.01
12/17/18,0.00
12/18/18,-0.01
12/19/18,-0.01
12/20/18,-0.03
12/21/18,-0.04
12/22/18,-0.04
12/23/18,-0.04
12/24/18,-0.03
12/25/18,-0.06
12/26/18,-0.07
12/27/18,-0.07
12/28/18,-0.07
12/29/18,-0.07
12/30/18,-0.06
12/31/18,-0.06
1/1/19,-0.07
1/2/19,-0.08
1/3/19,-0.09
1/4/19,-0.09
1/5/19,-0.09
1/6/19,-0.08
1/7/19,-0.07
1/8/19,-0.07
1/9/19,-0.07
1/10/19,-0.08
1/11/19,-0.09
1/12/19,-0.10
1/13/19,-0.08
1/14/19,-0.10
1/15/19,-0.10
1/16/19,-0.09
1/17/19,-0.10
1/18/19,-0.09
1/19/19,-0.08
1/20/19,-0.07
1/21/19,-0.07
1/22/19,-0.09
1/23/19,-0.11
1/24/19,-0.11
1/25/19,-0.11
1/26/19,-0.09
1/27/19,-0.08
1/28/19,-0.09
1/29/19,-0.11
1/30/19,-0.11
1/31/19,-0.11
2/1/19,-0.10
2/2/19,-0.08
2/3/19,-0.06
2/4/19,-0.05
2/5/19,-0.04
2/6/19,-0.03
2/7/19,-0.03
2/8/19,-0.03
2/9/19,-0.02
2/10/19,0.00
2/11/19,-0.01
2/12/19,-0.02
2/13/19,-0.01
2/14/19,-0.02
2/15/19,-0.02
2/16/19,-0.02
2/17/19,0.00
2/18/19,0.00
2/19/19,0.01
2/20/19,0.02
2/21/19,0.03
2/22/19,0.04
2/23/19,0.04
2/24/19,0.06
2/25/19,0.05
2/26/19,0.05
2/27/19,0.05
2/28/19,0.06
3/1/19,0.07
3/2/19,0.09
3/3/19,0.10
3/4/19,0.11
3/5/19,0.13
3/6/19,0.13
3/7/19,0.12
3/8/19,0.11
3/9/19,0.11
3/10/19,0.10
3/11/19,0.10
3/12/19,0.10
3/13/19,0.10
3/14/19,0.10
3/15/19,0.10
3/16/19,0.13
3/17/19,0.11
3/18/19,0.13
3/19/19,0.14
3/20/19,0.15
3/21/19,0.15
3/22/19,0.13
3/23/19,0.11
3/24/19,0.11
3/25/19,0.09
3/26/19,0.09
3/27/19,0.08
3/28/19,0.07
3/29/19,0.06
3/30/19,0.04
3/31/19,0.04
4/1/19,0.03
4/2/19,0.03
4/3/19,0.03
4/4/19,0.05
4/5/19,0.06
4/6/19,0.08
4/7/19,0.08
4/8/19,0.09
4/9/19,0.08
4/10/19,0.07
4/11/19,0.06
4/12/19,0.07
4/13/19,0.08
4/14/19,0.09
4/15/19,0.11
4/16/19,0.11
4/17/19,0.11
4/18/19,0.12
4/19/19,0.14
4/20/19,0.14
4/21/19,0.14
4/22/19,0.14
4/23/19,0.15
4/24/19,0.16
4/25/19,0.15
4/26/19,0.15
4/27/19,0.16
4/28/19,0.18
4/29/19,0.19
4/30/19,0.20
5/1/19,0.19
5/2/19,0.18
5/3/19,0.19
5/4/19,0.22
5/5/19,0.23
5/6/19,0.22
5/7/19,0.19
5/8/19,0.17
5/9/19,0.16
5/10/19,0.14
5/11/19,0.12
5/12/19,0.11
5/13/19,0.08
5/14/19,0.06
5/15/19,0.06
5/16/19,0.05
5/17/19,0.04
5/18/19,0.04
5/19/19,0.07
5/20/19,0.06
5/21/19,0.04
5/22/19,0.03
5/23/19,0.01
5/24/19,-0.01
5/25/19,-0.01
5/26/19,0.00
5/27/19,0.01
5/28/19,0.00
5/29/19,-0.01
5/30/19,-0.03
5/31/19,-0.05
6/1/19,-0.09
6/2/19,-0.11
6/3/19,-0.12
6/4/19,-0.14
6/5/19,-0.17
6/6/19,-0.18
6/7/19,-0.19
6/8/19,-0.21
6/9/19,-0.22
6/10/19,-0.22
6/11/19,-0.22
6/12/19,-0.21
6/13/19,-0.21
6/14/19,-0.21
6/15/19,-0.19
6/16/19,-0.20
6/17/19,-0.19
6/18/19,-0.19
6/19/19,-0.17
6/20/19,-0.16
6/21/19,-0.17
6/22/19,-0.18
6/23/19,-0.18
6/24/19,-0.18
6/25/19,-0.18
6/26/19,-0.18
6/27/19,-0.18
6/28/19,-0.16
6/29/19,-0.14
6/30/19,-0.15
7/1/19,-0.16
7/2/19,-0.16
7/3/19,-0.15
7/4/19,-0.15
7/5/19,-0.14
7/6/19,-0.15
7/7/19,-0.13
7/8/19,-0.14
7/9/19,-0.14
7/10/19,-0.13
7/11/19,-0.12
7/12/19,-0.12
7/13/19,-0.11
7/14/19,-0.11
7/15/19,-0.10
7/16/19,-0.11
7/17/19,-0.10
7/18/19,-0.09
7/19/19,-0.09
7/20/19,-0.07
7/21/19,-0.05
7/22/19,-0.04
7/23/19,-0.03
7/24/19,-0.04
7/25/19,-0.07
7/26/19,-0.07
7/27/19,-0.06
7/28/19,-0.04
7/29/19,-0.04
7/30/19,-0.04
7/31/19,-0.04
8/1/19,-0.06
8/2/19,-0.07
8/3/19,-0.08
8/4/19,-0.06
8/5/19,-0.07
8/6/19,-0.11
8/7/19,-0.14
8/8/19,-0.15
8/9/19,-0.19
8/10/19,-0.19
8/11/19,-0.17
8/12/19,-0.19
8/13/19,-0.20
8/14/19,-0.22
8/15/19,-0.25
8/16/19,-0.26
8/17/19,-0.29
8/18/19,-0.29
8/19/19,-0.28
8/20/19,-0.29
8/21/19,-0.29
8/22/19,-0.29
8/23/19,-0.29
8/24/19,-0.31
8/25/19,-0.31
8/26/19,-0.30
8/27/19,-0.28
8/28/19,-0.25
8/29/19,-0.21
8/30/19,-0.20
8/31/19,-0.20
9/1/19,-0.18
9/2/19,-0.17
9/3/19,-0.19
9/4/19,-0.19
9/5/19,-0.19
9/6/19,-0.19
9/7/19,-0.19
9/8/19,-0.20
9/9/19,-0.20
9/10/19,-0.20
9/11/19,-0.20
9/12/19,-0.18
9/13/19,-0.17
9/14/19,-0.17
9/15/19,-0.16
9/16/19,-0.18
9/17/19,-0.19
9/18/19,-0.18
9/19/19,-0.20
9/20/19,-0.20
9/21/19,-0.20
9/22/19,-0.19
9/23/19,-0.18
9/24/19,-0.16
9/25/19,-0.15
9/26/19,-0.14
9/27/19,-0.14
9/28/19,-0.16
9/29/19,-0.16
9/30/19,-0.15
10/1/19,-0.17
10/2/19,-0.19
10/3/19,-0.20
10/4/19,-0.20
10/5/19,-0.20
10/6/19,-0.22
10/7/19,-0.23
10/8/19,-0.25
10/9/19,-0.25
10/10/19,-0.26
10/11/19,-0.24
10/12/19,-0.22
10/13/19,-0.20
10/14/19,-0.19
10/15/19,-0.19
10/16/19,-0.18
10/17/19,-0.19
10/18/19,-0.19
10/19/19,-0.19
10/20/19,-0.19
10/21/19,-0.18
10/22/19,-0.18
10/23/19,-0.17
10/24/19,-0.16
10/25/19,-0.18
10/26/19,-0.20
10/27/19,-0.18
10/28/19,-0.17
10/29/19,-0.17
10/30/19,-0.16
10/31/19,-0.16
11/1/19,-0.14
11/2/19,-0.13
11/3/19,-0.14
11/4/19,-0.13
11/5/19,-0.10
11/6/19,-0.09
11/7/19,-0.09
11/8/19,-0.07
11/9/19,-0.07
11/10/19,-0.04
11/11/19,-0.03
11/12/19,-0.02
11/13/19,-0.02
11/14/19,-0.01
11/15/19,0.01
11/16/19,0.02
11/17/19,0.01
11/18/19,-0.02
11/19/19,-0.03
11/20/19,-0.03
11/21/19,-0.03
11/22/19,-0.03
11/23/19,-0.02
11/24/19,-0.04
11/25/19,-0.03
11/26/19,-0.03
11/27/19,-0.03
11/28/19,-0.03
11/29/19,-0.04
11/30/19,-0.02
12/1/19,-0.01
12/2/19,0.00
12/3/19,0.00
12/4/19,0.00
12/5/19,0.00
12/6/19,0.01
12/7/19,0.02
12/8/19,0.03
12/9/19,0.02
12/10/19,0.03
12/11/19,0.06
12/12/19,0.06
12/13/19,0.07
12/14/19,0.08
12/15/19,0.10
12/16/19,0.10
12/17/19,0.09
12/18/19,0.11
12/19/19,0.11
12/20/19,0.14
12/21/19,0.14
12/22/19,0.12
12/23/19,0.13
12/24/19,0.15
12/25/19,0.16
12/26/19,0.16
12/27/19,0.17
12/28/19,0.20
12/29/19,0.20
12/30/19,0.18
12/31/19,0.19
1/1/20,0.18
1/2/20,0.17
1/3/20,0.18
1/4/20,0.17
1/5/20,0.15
1/6/20,0.15
1/7/20,0.13
1/8/20,0.12
1/9/20,0.12
1/10/20,0.14
1/11/20,0.14
1/12/20,0.15
1/13/20,0.15
1/14/20,0.14
1/15/20,0.14
1/16/20,0.15
1/17/20,0.15
1/18/20,0.13
1/19/20,0.15
1/20/20,0.14
1/21/20,0.12
1/22/20,0.12
1/23/20,0.11
1/24/20,0.08
1/25/20,0.09
1/26/20,0.10
1/27/20,0.10
1/28/20,0.10
1/29/20,0.09
1/30/20,0.08
1/31/20,0.07
2/1/20,0.05
2/2/20,0.05
2/3/20,0.03
2/4/20,0.01
2/5/20,0.04
2/6/20,0.03
2/7/20,0.02
2/8/20,0.03
2/9/20,0.04
2/10/20,0.05
2/11/20,0.05
2/12/20,0.04
2/13/20,0.05
2/14/20,0.05
2/15/20,0.05
2/16/20,0.05
2/17/20,0.05
2/18/20,0.03
2/19/20,0.03
2/20/20,0.01
2/21/20,-0.01
2/22/20,-0.01
2/23/20,-0.01
2/24/20,0.00
2/25/20,-0.01
2/26/20,-0.01
2/27/20,-0.02
2/28/20,-0.08
2/29/20,-0.12
3/1/20,-0.17
3/2/20,-0.17
3/3/20,-0.20
3/4/20,-0.24
3/5/20,-0.23
3/6/20,-0.25
3/7/20,-0.26
3/8/20,-0.24
3/9/20,-0.26
3/10/20,-0.29
3/11/20,-0.30
3/12/20,-0.33
3/13/20,-0.35
3/14/20,-0.36
3/15/20,-0.37
3/16/20,-0.38
3/17/20,-0.41
3/18/20,-0.42
3/19/20,-0.43
3/20/20,-0.45
3/21/20,-0.47
3/22/20,-0.49
3/23/20,-0.50
3/24/20,-0.52
3/25/20,-0.51
3/26/20,-0.52
3/27/20,-0.54
3/28/20,-0.54
3/29/20,-0.54
3/30/20,-0.56
3/31/20,-0.55
4/1/20,-0.56
4/2/20,-0.57
4/3/20,-0.59
4/4/20,-0.62
4/5/20,-0.61
4/6/20,-0.61
4/7/20,-0.61
4/8/20,-0.60
4/9/20,-0.60
4/10/20,-0.60
4/11/20,-0.59
4/12/20,-0.58
4/13/20,-0.57
4/14/20,-0.56
4/15/20,-0.58
4/16/20,-0.58
4/17/20,-0.59
4/18/20,-0.58
4/19/20,-0.60
4/20/20,-0.62
4/21/20,-0.62
4/22/20,-0.62
4/23/20,-0.63
4/24/20,-0.65
4/25/20,-0.64
4/26/20,-0.64
4/27/20,-0.64
4/28/20,-0.62
4/29/20,-0.61
4/30/20,-0.61
5/1/20,-0.61
5/2/20,-0.61
5/3/20,-0.62
5/4/20,-0.62
5/5/20,-0.61
5/6/20,-0.61
5/7/20,-0.62
5/8/20,-0.64
5/9/20,-0.64
5/10/20,-0.66
5/11/20,-0.65
5/12/20,-0.66
5/13/20,-0.65
5/14/20,-0.65
5/15/20,-0.67
5/16/20,-0.66
5/17/20,-0.65
5/18/20,-0.64
5/19/20,-0.64
5/20/20,-0.64
5/21/20,-0.62
5/22/20,-0.65
5/23/20,-0.66
5/24/20,-0.63
5/25/20,-0.63
5/26/20,-0.62
5/27/20,-0.60
5/28/20,-0.60
5/29/20,-0.62
5/30/20,-0.61
5/31/20,-0.60
6/1/20,-0.58
6/2/20,-0.60
6/3/20,-0.61
6/4/20,-0.62
6/5/20,-0.62
6/6/20,-0.62
6/7/20,-0.62
6/8/20,-0.61
6/9/20,-0.62
6/10/20,-0.61
6/11/20,-0.60
6/12/20,-0.62
6/13/20,-0.62
6/14/20,-0.62
6/15/20,-0.63
6/16/20,-0.62
6/17/20,-0.61
6/18/20,-0.62
6/19/20,-0.61
6/20/20,-0.61
6/21/20,-0.59
6/22/20,-0.59
6/23/20,-0.56
6/24/20,-0.56
6/25/20,-0.57
6/26/20,-0.58
6/27/20,-0.57
6/28/20,-0.56
6/29/20,-0.55
6/30/20,-0.54
7/1/20,-0.52
7/2/20,-0.52
7/3/20,-0.54
7/4/20,-0.53
7/5/20,-0.51
7/6/20,-0.50
7/7/20,-0.49
7/8/20,-0.48
7/9/20,-0.46
7/10/20,-0.47
7/11/20,-0.47
7/12/20,-0.47
7/13/20,-0.46
7/14/20,-0.48
7/15/20,-0.46
7/16/20,-0.47
7/17/20,-0.47
7/18/20,-0.46
7/19/20,-0.44
7/20/20,-0.45
7/21/20,-0.45
7/22/20,-0.43
7/23/20,-0.43
7/24/20,-0.45
7/25/20,-0.46
7/26/20,-0.45
7/27/20,-0.42
7/28/20,-0.42
7/29/20,-0.41
7/30/20,-0.42
7/31/20,-0.44
8/1/20,-0.42
8/2/20,-0.42
8/3/20,-0.42
8/4/20,-0.41
8/5/20,-0.40
8/6/20,-0.41
8/7/20,-0.41
8/8/20,-0.42
8/9/20,-0.41
8/10/20,-0.41
8/11/20,-0.41
8/12/20,-0.39
8/13/20,-0.39
8/14/20,-0.40
8/15/20,-0.39
8/16/20,-0.37
8/17/20,-0.35
8/18/20,-0.34
8/19/20,-0.32
8/20/20,-0.34
8/21/20,-0.36
8/22/20,-0.36
8/23/20,-0.35
8/24/20,-0.35
8/25/20,-0.33
8/26/20,-0.31
8/27/20,-0.32
8/28/20,-0.33
8/29/20,-0.33
8/30/20,-0.33
8/31/20,-0.34
9/1/20,-0.32
9/2/20,-0.33
9/3/20,-0.32
9/4/20,-0.32
9/5/20,-0.32
9/6/20,-0.30
9/7/20,-0.31
9/8/20,-0.31
9/9/20,-0.30
9/10/20,-0.29
9/11/20,-0.29
9/12/20,-0.29
9/13/20,-0.27
9/14/20,-0.28
9/15/20,-0.28
9/16/20,-0.27
9/17/20,-0.26
9/18/20,-0.28
9/19/20,-0.27
9/20/20,-0.26
9/21/20,-0.27
9/22/20,-0.26
9/23/20,-0.25
9/24/20,-0.25
9/25/20,-0.26
9/26/20,-0.23
9/27/20,-0.24
9/28/20,-0.22
9/29/20,-0.20
9/30/20,-0.19
10/1/20,-0.19
10/2/20,-0.21
10/3/20,-0.25
10/4/20,-0.24
10/5/20,-0.22
10/6/20,-0.22
10/7/20,-0.22
10/8/20,-0.24
10/9/20,-0.26
10/10/20,-0.25
10/11/20,-0.22
10/12/20,-0.20
10/13/20,-0.21
10/14/20,-0.19
10/15/20,-0.20
10/16/20,-0.21
10/17/20,-0.22
10/18/20,-0.19
10/19/20,-0.19
10/20/20,-0.18
10/21/20,-0.16
10/22/20,-0.16
10/23/20,-0.17
10/24/20,-0.16
10/25/20,-0.17
10/26/20,-0.14
10/27/20,-0.14
10/28/20,-0.13
10/29/20,-0.14
10/30/20,-0.13
10/31/20,-0.11
11/1/20,-0.10
11/2/20,-0.09
11/3/20,-0.10
11/4/20,-0.09
11/5/20,-0.09
11/6/20,-0.12
11/7/20,-0.12
11/8/20,-0.12
11/9/20,-0.10
11/10/20,-0.10
11/11/20,-0.11
11/12/20,-0.12
11/13/20,-0.15
11/14/20,-0.15
11/15/20,-0.14
11/16/20,-0.15
11/17/20,-0.14
11/18/20,-0.14
11/19/20,-0.13
11/20/20,-0.15
11/21/20,-0.14
11/22/20,-0.13
11/23/20,-0.11
11/24/20,-0.10
11/25/20,-0.11
11/26/20,-0.15
11/27/20,-0.15
11/28/20,-0.16
11/29/20,-0.17
11/30/20,-0.17
12/1/20,-0.18
12/2/20,-0.17
12/3/20,-0.16
12/4/20,-0.17
12/5/20,-0.18
12/6/20,-0.17
12/7/20,-0.17
12/8/20,-0.17
12/9/20,-0.16
12/10/20,-0.17
12/11/20,-0.17
12/12/20,-0.15
12/13/20,-0.16
12/14/20,-0.14
12/15/20,-0.16
12/16/20,-0.15
12/17/20,-0.16
12/18/20,-0.16
12/19/20,-0.17
12/20/20,-0.20
12/21/20,-0.18
12/22/20,-0.17
12/23/20,-0.15
12/24/20,-0.16
12/25/20,-0.14
12/26/20,-0.13
12/27/20,-0.13
12/28/20,-0.12
12/29/20,-0.10
12/30/20,-0.09
12/31/20,-0.09
1/1/21,-0.12
1/2/21,-0.10
1/3/21,-0.10
1/4/21,-0.09
1/5/21,-0.10
1/6/21,-0.09
1/7/21,-0.08
1/8/21,-0.08
1/9/21,-0.09
1/10/21,-0.09
1/11/21,-0.06
1/12/21,-0.06
1/13/21,-0.06
1/14/21,-0.06
1/15/21,-0.08
1/16/21,-0.06
1/17/21,-0.08
1/18/21,-0.08
1/19/21,-0.08
1/20/21,-0.09
1/21/21,-0.09
1/22/21,-0.10
1/23/21,-0.12
1/24/21,-0.10
1/25/21,-0.09
1/26/21,-0.08
1/27/21,-0.07
1/28/21,-0.06
1/29/21,-0.07
1/30/21,-0.08
1/31/21,-0.05
2/1/21,-0.03
2/2/21,-0.03
2/3/21,-0.02
2/4/21,-0.03
2/5/21,-0.04
2/6/21,-0.03
2/7/21,-0.04
2/8/21,-0.04
2/9/21,-0.03
2/10/21,-0.03
2/11/21,-0.01
2/12/21,-0.02
2/13/21,-0.03
2/14/21,-0.04
2/15/21,-0.04
2/16/21,-0.05
2/17/21,-0.04
2/18/21,-0.03
2/19/21,-0.04
2/20/21,-0.03
2/21/21,-0.01
2/22/21,0.00
2/23/21,0.00
2/24/21,0.01
2/25/21,0.01
2/26/21,-0.01
2/27/21,0.00
2/28/21,0.00
3/1/21,0.00
3/2/21,0.02
3/3/21,0.04
3/4/21,0.04
3/5/21,0.04
3/6/21,0.05
3/7/21,0.04
3/8/21,0.06
3/9/21,0.06
3/10/21,0.06
3/11/21,0.06
3/12/21,0.06
3/13/21,0.06
3/14/21,0.07
3/15/21,0.06
3/16/21,0.06
3/17/21,0.07
3/18/21,0.06
3/19/21,0.07
3/20/21,0.06
3/21/21,0.06
3/22/21,0.07
3/23/21,0.06
3/24/21,0.07
3/25/21,0.07
3/26/21,0.06
3/27/21,0.04
3/28/21,0.05
3/29/21,0.05
3/30/21,0.05
3/31/21,0.06
4/1/21,0.06
4/2/21,0.06
4/3/21,0.08
4/4/21,0.09
4/5/21,0.10
4/6/21,0.12
4/7/21,0.12
4/8/21,0.12
4/9/21,0.12
4/10/21,0.11
4/11/21,0.12
4/12/21,0.14
4/13/21,0.14
4/14/21,0.14
4/15/21,0.13
4/16/21,0.13
4/17/21,0.11
4/18/21,0.11
4/19/21,0.10
4/20/21,0.10
4/21/21,0.09
4/22/21,0.10
4/23/21,0.09
4/24/21,0.09
4/25/21,0.10
4/26/21,0.11
4/27/21,0.12
4/28/21,0.14
4/29/21,0.16
4/30/21,0.16
5/1/21,0.18
5/2/21,0.17
5/3/21,0.20
5/4/21,0.19
5/5/21,0.19
5/6/21,0.18
5/7/21,0.15
5/8/21,0.13
5/9/21,0.14
5/10/21,0.14
5/11/21,0.12
5/12/21,0.11
5/13/21,0.10
5/14/21,0.09
5/15/21,0.10
5/16/21,0.11
5/17/21,0.10
5/18/21,0.11
5/19/21,0.12
5/20/21,0.11
5/21/21,0.09
5/22/21,0.11
5/23/21,0.10
5/24/21,0.10
5/25/21,0.10
5/26/21,0.10
5/27/21,0.10
5/28/21,0.10
5/29/21,0.10
5/30/21,0.10
5/31/21,0.09
6/1/21,0.08
6/2/21,0.07
6/3/21,0.07
6/4/21,0.07
6/5/21,0.08
6/6/21,0.09
6/7/21,0.08
6/8/21,0.07
6/9/21,0.10
6/10/21,0.10
6/11/21,0.09
6/12/21,0.07
6/13/21,0.08
6/14/21,0.09
6/15/21,0.08
6/16/21,0.07
6/17/21,0.08
6/18/21,0.08
6/19/21,0.08
6/20/21,0.09
6/21/21,0.11
6/22/21,0.10
6/23/21,0.09
6/24/21,0.09
6/25/21,0.07
6/26/21,0.07
6/27/21,0.08
6/28/21,0.10
6/29/21,0.08
6/30/21,0.08
7/1/21,0.08
7/2/21,0.08
7/3/21,0.09
7/4/21,0.09
7/5/21,0.08
7/6/21,0.08
7/7/21,0.08
7/8/21,0.07
7/9/21,0.05
7/10/21,0.08
7/11/21,0.08
7/12/21,0.09
7/13/21,0.09
7/14/21,0.11
7/15/21,0.13
7/16/21,0.12
7/17/21,0.11
7/18/21,0.11
7/19/21,0.11
7/20/21,0.10
7/21/21,0.11
7/22/21,0.09
7/23/21,0.08
7/24/21,0.06
7/25/21,0.08
7/26/21,0.10
7/27/21,0.10
7/28/21,0.09
7/29/21,0.09
7/30/21,0.10
7/31/21,0.08
8/1/21,0.07
8/2/21,0.06
8/3/21,0.07
8/4/21,0.06
8/5/21,0.07
8/6/21,0.07
8/7/21,0.08
8/8/21,0.06
8/9/21,0.05
8/10/21,0.06
8/11/21,0.06
8/12/21,0.05
8/13/21,0.06
8/14/21,0.07
8/15/21,0.08
8/16/21,0.08
8/17/21,0.06
8/18/21,0.05
8/19/21,0.06
8/20/21,0.04
8/21/21,0.03
8/22/21,0.01
8/23/21,-0.01
8/24/21,-0.01
8/25/21,0.00
8/26/21,0.00
8/27/21,0.00
8/28/21,0.03
8/29/21,0.05
8/30/21,0.05
8/31/21,0.05
9/1/21,0.04
9/2/21,0.02
9/3/21,0.01
9/4/21,0.00
9/5/21,0.00
9/6/21,0.00
9/7/21,0.00
9/8/21,0.00
9/9/21,-0.01
9/10/21,-0.02
9/11/21,-0.02
9/12/21,-0.03
9/13/21,-0.03
9/14/21,-0.02
9/15/21,-0.03
9/16/21,-0.03
9/17/21,-0.02
9/18/21,-0.01
9/19/21,0.01
9/20/21,0.00
9/21/21,-0.05
9/22/21,-0.06
9/23/21,-0.08
9/24/21,-0.08
9/25/21,-0.09
9/26/21,-0.10
9/27/21,-0.10
9/28/21,-0.12
9/29/21,-0.14
9/30/21,-0.16
10/1/21,-0.16
10/2/21,-0.14
10/3/21,-0.15
10/4/21,-0.14
10/5/21,-0.14
10/6/21,-0.15
10/7/21,-0.18
10/8/21,-0.20
10/9/21,-0.19
10/10/21,-0.19
10/11/21,-0.16
10/12/21,-0.15
10/13/21,-0.17
10/14/21,-0.16
10/15/21,-0.16
10/16/21,-0.17
10/17/21,-0.16
10/18/21,-0.16
10/19/21,-0.18
10/20/21,-0.17
10/21/21,-0.15
10/22/21,-0.15
10/23/21,-0.14
10/24/21,-0.11
10/25/21,-0.09
10/26/21,-0.06
10/27/21,-0.05
10/28/21,-0.03
10/29/21,-0.02
10/30/21,0.00
10/31/21,-0.01
11/1/21,-0.01
11/2/21,-0.02
11/3/21,-0.01
11/4/21,0.00
11/5/21,0.01
11/6/21,0.03
11/7/21,0.05
11/8/21,0.07
11/9/21,0.07
11/10/21,0.07
11/11/21,0.06
11/12/21,0.06
11/13/21,0.07
11/14/21,0.06
11/15/21,0.05
11/16/21,0.06
11/17/21,0.06
11/18/21,0.05
11/19/21,0.06
11/20/21,0.09
11/21/21,0.09
11/22/21,0.10
11/23/21,0.11
11/24/21,0.10
11/25/21,0.09
11/26/21,0.09
11/27/21,0.08
11/28/21,0.09
11/29/21,0.09
11/30/21,0.06
12/1/21,0.05
12/2/21,0.05
12/3/21,0.04
12/4/21,0.04
12/5/21,0.08
12/6/21,0.07
12/7/21,0.06
12/8/21,0.04
12/9/21,0.02
12/10/21,0.01
12/11/21,0.01
12/12/21,0.01
12/13/21,0.00
12/14/21,-0.01
12/15/21,-0.01
12/16/21,-0.02
12/17/21,-0.04
12/18/21,-0.03
12/19/21,-0.02
12/20/21,-0.02
12/21/21,-0.01
12/22/21,0.00
12/23/21,0.01
12/24/21,0.04
12/25/21,-0.04
12/26/21,-0.03
12/27/21,-0.01
12/28/21,0.01
12/29/21,0.02
12/30/21,0.02
12/31/21,0.03
1/1/22,0.04
1/2/22,0.06
1/3/22,0.07
1/4/22,0.09
1/5/22,0.09
1/6/22,0.07
1/7/22,0.06
1/8/22,0.05
1/9/22,0.06
1/10/22,0.06
1/11/22,0.04
1/12/22,0.03
1/13/22,0.03
1/14/22,0.01
1/15/22,0.03
1/16/22,0.02
1/17/22,0.03
1/18/22,0.02
1/19/22,0.01
1/20/22,0.02
1/21/22,0.01
1/22/22,-0.01
1/23/22,-0.01
1/24/22,-0.02
1/25/22,-0.04
1/26/22,-0.05
1/27/22,-0.05
1/28/22,-0.06
1/29/22,-0.06
1/30/22,-0.06
1/31/22,-0.07
2/1/22,-0.07
2/2/22,-0.06
2/3/22,-0.06
2/4/22,-0.06
2/5/22,-0.02
2/6/22,-0.02
2/7/22,-0.02
2/8/22,-0.03
2/9/22,-0.03
2/10/22,-0.02
2/11/22,-0.04
2/12/22,-0.04
2/13/22,-0.02
2/14/22,-0.01
2/15/22,-0.02
2/16/22,-0.02
2/17/22,-0.02
2/18/22,-0.03
2/19/22,-0.03
2/20/22,-0.04
2/21/22,-0.02
2/22/22,-0.04
2/23/22,-0.05
2/24/22,-0.06
2/25/22,-0.08
2/26/22,-0.09
2/27/22,-0.10
2/28/22,-0.11
3/1/22,-0.14
3/2/22,-0.14
3/3/22,-0.15
3/4/22,-0.15
3/5/22,-0.16
3/6/22,-0.17
3/7/22,-0.17
3/8/22,-0.18
3/9/22,-0.19
3/10/22,-0.18
3/11/22,-0.20
3/12/22,-0.20
3/13/22,-0.18
3/14/22,-0.17
3/15/22,-0.19
3/16/22,-0.19
3/17/22,-0.20
3/18/22,-0.20
3/19/22,-0.22
3/20/22,-0.21
3/21/22,-0.22
3/22/22,-0.21
3/23/22,-0.20
3/24/22,-0.21
3/25/22,-0.21
3/26/22,-0.20
3/27/22,-0.18
3/28/22,-0.18
3/29/22,-0.16
3/30/22,-0.14
3/31/22,-0.15
4/1/22,-0.13
4/2/22,-0.11
4/3/22,-0.12
4/4/22,-0.11
4/5/22,-0.11
4/6/22,-0.13
4/7/22,-0.14
4/8/22,-0.15
4/9/22,-0.15
4/10/22,-0.14
4/11/22,-0.13
4/12/22,-0.14
4/13/22,-0.14
4/14/22,-0.13
4/15/22,-0.12
4/16/22,-0.10
4/17/22,-0.08
4/18/22,-0.07
4/19/22,-0.06
4/20/22,-0.05
4/21/22,-0.05
4/22/22,-0.05
4/23/22,-0.05
4/24/22,-0.05
4/25/22,-0.02
4/26/22,-0.01
4/27/22,0.00
4/28/22,-0.02
4/29/22,-0.03
4/30/22,-0.05
5/1/22,-0.06
5/2/22,-0.07
5/3/22,-0.06
5/4/22,-0.06
5/5/22,-0.06
5/6/22,-0.07
5/7/22,-0.08
5/8/22,-0.07
5/9/22,-0.06
5/10/22,-0.06
5/11/22,-0.07
5/12/22,-0.07
5/13/22,-0.06
5/14/22,-0.05
5/15/22,-0.04
5/16/22,-0.03
5/17/22,-0.02
5/18/22,-0.03
5/19/22,-0.06
5/20/22,-0.07
5/21/22,-0.08
5/22/22,-0.08
5/23/22,-0.07
5/24/22,-0.08
5/25/22,-0.10
5/26/22,-0.11
5/27/22,-0.10
5/28/22,-0.08
5/29/22,-0.07
5/30/22,-0.05
5/31/22,-0.06
6/1/22,-0.04
6/2/22,-0.04
6/3/22,-0.02
6/4/22,-0.02
6/5/22,0.00
6/6/22,0.00
6/7/22,-0.03
6/8/22,-0.04
6/9/22,-0.06
6/10/22,-0.07
6/11/22,-0.09
6/12/22,-0.09
6/13/22,-0.09
6/14/22,-0.10
6/15/22,-0.12
6/16/22,-0.13
6/17/22,-0.15
6/18/22,-0.15
6/19/22,-0.16
6/20/22,-0.14
6/21/22,-0.15
6/22/22,-0.17
6/23/22,-0.18
6/24/22,-0.19
6/25/22,-0.17
6/26/22,-0.16
6/27/22,-0.16
6/28/22,-0.17
6/29/22,-0.16
6/30/22,-0.17
7/1/22,-0.18
7/2/22,-0.17
7/3/22,-0.17
7/4/22,-0.17
7/5/22,-0.18
7/6/22,-0.20
7/7/22,-0.20
7/8/22,-0.19
7/9/22,-0.18
7/10/22,-0.18
7/11/22,-0.16
7/12/22,-0.17
7/13/22,-0.17
7/14/22,-0.19
7/15/22,-0.19
7/16/22,-0.18
7/17/22,-0.18
7/18/22,-0.20
7/19/22,-0.19
7/20/22,-0.20
7/21/22,-0.19
7/22/22,-0.19
7/23/22,-0.18
7/24/22,-0.18
7/25/22,-0.20
7/26/22,-0.21
7/27/22,-0.21
7/28/22,-0.22
7/29/22,-0.22
7/30/22,-0.22
7/31/22,-0.21
8/1/22,-0.21
8/2/22,-0.20
8/3/22,-0.20
8/4/22,-0.22
8/5/22,-0.21
8/6/22,-0.19
8/7/22,-0.17
8/8/22,-0.15
8/9/22,-0.14
8/10/22,-0.12
8/11/22,-0.12
8/12/22,-0.11
8/13/22,-0.09
8/14/22,-0.05
8/15/22,-0.05
8/16/22,-0.06
8/17/22,-0.06
8/18/22,-0.05
8/19/22,-0.04
8/20/22,-0.03
8/21/22,-0.02
8/22/22,-0.03
8/23/22,-0.04
8/24/22,-0.07
8/25/22,-0.08
8/26/22,-0.09
8/27/22,-0.09
8/28/22,-0.08
8/29/22,-0.10
8/30/22,-0.09
8/31/22,-0.11
9/1/22,-0.12
9/2/22,-0.10
9/3/22,-0.09
9/4/22,-0.10
9/5/22,-0.08
9/6/22,-0.09
9/7/22,-0.09
9/8/22,-0.09
9/9/22,-0.08
9/10/22,-0.07
9/11/22,-0.06
9/12/22,-0.06
9/13/22,-0.07
9/14/22,-0.08
9/15/22,-0.07
9/16/22,-0.08
9/17/22,-0.07
9/18/22,-0.09
9/19/22,-0.09
9/20/22,-0.11
9/21/22,-0.11
9/22/22,-0.12
9/23/22,-0.13
9/24/22,-0.11
9/25/22,-0.11
9/26/22,-0.13
9/27/22,-0.14
9/28/22,-0.14
9/29/22,-0.15
9/30/22,-0.17
10/1/22,-0.18
10/2/22,-0.19
10/3/22,-0.18
10/4/22,-0.18
10/5/22,-0.20
10/6/22,-0.23
10/7/22,-0.23
10/8/22,-0.22
10/9/22,-0.19
10/10/22,-0.18
10/11/22,-0.20
10/12/22,-0.23
10/13/22,-0.24
10/14/22,-0.25
10/15/22,-0.23
10/16/22,-0.23
10/17/22,-0.21
10/18/22,-0.21
10/19/22,-0.21
10/20/22,-0.23
10/21/22,-0.25
10/22/22,-0.27
10/23/22,-0.27
10/24/22,-0.26
10/25/22,-0.24
10/26/22,-0.25
10/27/22,-0.25
10/28/22,-0.25
10/29/22,-0.22
10/30/22,-0.20
10/31/22,-0.19
11/1/22,-0.18
11/2/22,-0.18
11/3/22,-0.16
11/4/22,-0.15
11/5/22,-0.14
11/6/22,-0.13
11/7/22,-0.12
11/8/22,-0.11
11/9/22,-0.11
11/10/22,-0.12
11/11/22,-0.12
11/12/22,-0.15
11/13/22,-0.13
11/14/22,-0.12
11/15/22,-0.10
11/16/22,-0.10
11/17/22,-0.10
11/18/22,-0.10
11/19/22,-0.11
11/20/22,-0.10
11/21/22,-0.10
11/22/22,-0.12
11/23/22,-0.12
11/24/22,-0.13
11/25/22,-0.12
11/26/22,-0.11
11/27/22,-0.10
11/28/22,-0.09
11/29/22,-0.09
11/30/22,-0.09
12/1/22,-0.09
12/2/22,-0.08
12/3/22,-0.07
12/4/22,-0.09
12/5/22,-0.10
12/6/22,-0.11
12/7/22,-0.11
12/8/22,-0.12
12/9/22,-0.15
12/10/22,-0.16
12/11/22,-0.15
12/12/22,-0.15
12/13/22,-0.15
12/14/22,-0.15
12/15/22,-0.14
12/16/22,-0.14
12/17/22,-0.16
12/18/22,-0.16
12/19/22,-0.16
12/20/22,-0.15
12/21/22,-0.15
12/22/22,-0.15
12/23/22,-0.14
12/24/22,-0.13
12/25/22,-0.12
12/26/22,-0.09
12/27/22,-0.09
12/28/22,-0.08
12/29/22,-0.08
12/30/22,-0.08
12/31/22,-0.08
1/1/23,-0.06
1/2/23,-0.06
1/3/23,-0.04
1/4/23,-0.04
1/5/23,-0.05
1/6/23,-0.04
1/7/23,-0.06
1/8/23,-0.06
1/9/23,-0.05
1/10/23,-0.06
1/11/23,-0.08
1/12/23,-0.06
1/13/23,-0.08
1/14/23,-0.09
1/15/23,-0.08
1/16/23,-0.09
1/17/23,-0.10
1/18/23,-0.10
1/19/23,-0.12
1/20/23,-0.14
1/21/23,-0.14
1/22/23,-0.18
1/23/23,-0.19
1/24/23,-0.18
1/25/23,-0.17
1/26/23,-0.17
1/27/23,-0.17
1/28/23,-0.15
1/29/23,-0.14
1/30/23,-0.16
1/31/23,-0.17
2/1/23,-0.15
2/2/23,-0.14
2/3/23,-0.13
2/4/23,-0.13
2/5/23,-0.10
2/6/23,-0.09
2/7/23,-0.08
2/8/23,-0.07
2/9/23,-0.05
2/10/23,-0.03
2/11/23,-0.03
2/12/23,0.00
2/13/23,0.00
2/14/23,0.02
2/15/23,0.03
2/16/23,0.03
2/17/23,0.01
2/18/23,0.01
2/19/23,0.00
2/20/23,-0.01
2/21/23,-0.01
2/22/23,-0.01
2/23/23,-0.02
2/24/23,-0.02
2/25/23,-0.02
2/26/23,-0.03
2/27/23,-0.01
2/28/23,0.00
3/1/23,-0.02
3/2/23,-0.02
3/3/23,0.00
3/4/23,-0.01
3/5/23,0.01
3/6/23,0.02
3/7/23,0.03
3/8/23,0.03
3/9/23,0.03
3/10/23,0.02
3/11/23,0.01
3/12/23,0.00
3/13/23,-0.01
3/14/23,-0.05
3/15/23,-0.07
3/16/23,-0.11
3/17/23,-0.13
3/18/23,-0.15
3/19/23,-0.17
3/20/23,-0.20
3/21/23,-0.24
3/22/23,-0.25
3/23/23,-0.26
3/24/23,-0.26
3/25/23,-0.27
3/26/23,-0.27
3/27/23,-0.30
3/28/23,-0.33
3/29/23,-0.34
3/30/23,-0.34
3/31/23,-0.32
4/1/23,-0.29
4/2/23,-0.29
4/3/23,-0.28
4/4/23,-0.26
4/5/23,-0.26
4/6/23,-0.26
4/7/23,-0.25
4/8/23,-0.22
4/9/23,-0.22
4/10/23,-0.22
4/11/23,-0.22
4/12/23,-0.21
4/13/23,-0.21
4/14/23,-0.20
4/15/23,-0.19
4/16/23,-0.17
4/17/23,-0.18
4/18/23,-0.17
4/19/23,-0.17
4/20/23,-0.16
4/21/23,-0.18
4/22/23,-0.19
4/23/23,-0.19
4/24/23,-0.17
4/25/23,-0.19
4/26/23,-0.20
4/27/23,-0.21
4/28/23,-0.22
4/29/23,-0.25
4/30/23,-0.26
5/1/23,-0.25
5/2/23,-0.26
5/3/23,-0.27
5/4/23,-0.27
5/5/23,-0.29
5/6/23,-0.28
5/7/23,-0.28
5/8/23,-0.30
5/9/23,-0.31
5/10/23,-0.33
5/11/23,-0.34
5/12/23,-0.36
5/13/23,-0.36
5/14/23,-0.35
5/15/23,-0.36
5/16/23,-0.35
5/17/23,-0.34
5/18/23,-0.34
5/19/23,-0.33
5/20/23,-0.33
5/21/23,-0.34
5/22/23,-0.35
5/23/23,-0.35
5/24/23,-0.37
5/25/23,-0.37
5/26/23,-0.39
5/27/23,-0.39
5/28/23,-0.39
5/29/23,-0.41
5/30/23,-0.42
5/31/23,-0.43
6/1/23,-0.40
6/2/23,-0.41
6/3/23,-0.40
6/4/23,-0.39
6/5/23,-0.37
6/6/23,-0.38
6/7/23,-0.38
6/8/23,-0.38
6/9/23,-0.38
6/10/23,-0.36
6/11/23,-0.33
6/12/23,-0.31
6/13/23,-0.30
6/14/23,-0.28
6/15/23,-0.27
6/16/23,-0.26
6/17/23,-0.25
6/18/23,-0.22
6/19/23,-0.21
6/20/23,-0.23
6/21/23,-0.25
6/22/23,-0.25
6/23/23,-0.24
6/24/23,-0.24
6/25/23,-0.21
6/26/23,-0.20
6/27/23,-0.18
6/28/23,-0.18
6/29/23,-0.16
6/30/23,-0.14
7/1/23,-0.12
7/2/23,-0.08
7/3/23,-0.08
7/4/23,-0.06
7/5/23,-0.06
7/6/23,-0.07
7/7/23,-0.06
7/8/23,-0.04
7/9/23,-0.04
7/10/23,-0.05
7/11/23,-0.05
7/12/23,-0.04
7/13/23,-0.05
7/14/23,-0.05
7/15/23,-0.06
7/16/23,-0.04
7/17/23,-0.02
7/18/23,-0.01
7/19/23,-0.01
7/20/23,-0.02
7/21/23,-0.01
7/22/23,0.01
7/23/23,0.00
7/24/23,-0.01
7/25/23,-0.02
7/26/23,-0.04
7/27/23,-0.04
7/28/23,-0.03
7/29/23,-0.04
7/30/23,-0.03
7/31/23,-0.03
8/1/23,-0.05
8/2/23,-0.08
8/3/23,-0.08
8/4/23,-0.08
8/5/23,-0.07
8/6/23,-0.05
8/7/23,-0.04
8/8/23,-0.06
8/9/23,-0.06
8/10/23,-0.06
8/11/23,-0.06
8/12/23,-0.08
8/13/23,-0.08
8/14/23,-0.07
8/15/23,-0.08
8/16/23,-0.09
8/17/23,-0.08
8/18/23,-0.08
8/19/23,-0.06
8/20/23,-0.05
8/21/23,-0.04
8/22/23,-0.03
8/23/23,-0.01
8/24/23,-0.01
8/25/23,-0.01
8/26/23,0.00
8/27/23,-0.01
8/28/23,0.00
8/29/23,0.00
8/30/23,0.00
8/31/23,0.01
9/1/23,0.03
9/2/23,0.02
9/3/23,0.02
9/4/23,0.00
9/5/23,-0.01
9/6/23,-0.02
9/7/23,-0.03
9/8/23,-0.01
9/9/23,0.00
9/10/23,0.02
9/11/23,0.01
9/12/23,0.01
9/13/23,0.01
9/14/23,0.01
9/15/23,0.03
9/16/23,0.01
9/17/23,-0.01
9/18/23,-0.01
9/19/23,-0.02
9/20/23,-0.02
9/21/23,-0.02
9/22/23,-0.01
9/23/23,-0.01
9/24/23,-0.01
9/25/23,-0.04
9/26/23,-0.04
9/27/23,-0.05
9/28/23,-0.07
9/29/23,-0.09
9/30/23,-0.12
10/1/23,-0.11
10/2/23,-0.13
10/3/23,-0.14
10/4/23,-0.10
10/5/23,-0.09
10/6/23,-0.09
10/7/23,-0.08
10/8/23,-0.06
10/9/23,-0.07
10/10/23,-0.10
10/11/23,-0.08
10/12/23,-0.07
10/13/23,-0.07
10/14/23,-0.07
10/15/23,-0.08
10/16/23,-0.08
10/17/23,-0.07
10/18/23,-0.05
10/19/23,-0.04
10/20/23,-0.04
10/21/23,-0.04
10/22/23,-0.04
10/23/23,-0.03
10/24/23,-0.02
10/25/23,-0.03
10/26/23,-0.02
10/27/23,-0.01
10/28/23,0.00
10/29/23,0.00
10/30/23,0.02
10/31/23,0.02
11/1/23,0.02
11/2/23,0.03
11/3/23,0.04
11/4/23,0.05
11/5/23,0.06
11/6/23,0.06
11/7/23,0.06
11/8/23,0.04
11/9/23,0.04
11/10/23,0.03
11/11/23,0.00
11/12/23,0.01
11/13/23,0.00
11/14/23,0.03
11/15/23,0.03
11/16/23,0.03
11/17/23,0.03
11/18/23,0.03
11/19/23,0.05
11/20/23,0.05
11/21/23,0.02
11/22/23,0.04
11/23/23,0.05
11/24/23,0.05
11/25/23,0.05
11/26/23,0.08
11/27/23,0.09
11/28/23,0.10
11/29/23,0.10
11/30/23,0.10
12/1/23,0.12
12/2/23,0.12
12/3/23,0.13
12/4/23,0.13
12/5/23,0.12
12/6/23,0.12
12/7/23,0.11
12/8/23,0.10
12/9/23,0.08
12/10/23,0.09
12/11/23,0.11
12/12/23,0.10
12/13/23,0.10
12/14/23,0.11
12/15/23,0.13
12/16/23,0.12
12/17/23,0.13
12/18/23,0.13
12/19/23,0.11
12/20/23,0.09
12/21/23,0.10
12/22/23,0.12
12/23/23,0.12
12/24/23,0.09
12/25/23,0.12
12/26/23,0.13
12/27/23,0.12
12/28/23,0.13
12/29/23,0.13
12/30/23,0.12
12/31/23,0.13
1/1/24,0.16
1/2/24,0.15
1/3/24,0.16
1/4/24,0.13
1/5/24,0.13
1/6/24,0.14
1/7/24,0.13
1/8/24,0.14
1/9/24,0.11
1/10/24,0.10
1/11/24,0.08
1/12/24,0.07
1/13/24,0.04
1/14/24,0.04
1/15/24,0.03
1/16/24,0.03
1/17/24,0.02
1/18/24,0.02
1/19/24,0.03
1/20/24,0.03
1/21/24,0.04
1/22/24,0.04
1/23/24,0.04
1/24/24,0.05
1/25/24,0.06
1/26/24,0.08
1/27/24,0.08
1/28/24,0.08
1/29/24,0.07
1/30/24,0.05
1/31/24,0.06
2/1/24,0.07
2/2/24,0.10
2/3/24,0.13
2/4/24,0.13
2/5/24,0.15
2/6/24,0.17
2/7/24,0.17
2/8/24,0.17
2/9/24,0.16
2/10/24,0.16
2/11/24,0.17
2/12/24,0.18
2/13/24,0.17
2/14/24,0.18
2/15/24,0.17
2/16/24,0.17
2/17/24,0.17
2/18/24,0.19
2/19/24,0.19
2/20/24,0.18
2/21/24,0.19
2/22/24,0.18
2/23/24,0.15
2/24/24,0.13
2/25/24,0.15
2/26/24,0.13
2/27/24,0.16
2/28/24,0.16
2/29/24,0.17
3/1/24,0.17
3/2/24,0.15
3/3/24,0.14
3/4/24,0.15
3/5/24,0.15
3/6/24,0.15
3/7/24,0.15
3/8/24,0.15
3/9/24,0.15
3/10/24,0.16
3/11/24,0.16
3/12/24,0.17
3/13/24,0.18
3/14/24,0.19
3/15/24,0.20
3/16/24,0.19
3/17/24,0.20
3/18/24,0.18
3/19/24,0.17
3/20/24,0.18
3/21/24,0.17
3/22/24,0.17
3/23/24,0.15
3/24/24,0.15
3/25/24,0.15
3/26/24,0.16
3/27/24,0.15
3/28/24,0.13
3/29/24,0.12
3/30/24,0.14
3/31/24,0.12
4/1/24,0.15
4/2/24,0.17
4/3/24,0.16
4/4/24,0.15
4/5/24,0.16
4/6/24,0.17
4/7/24,0.16
4/8/24,0.16
4/9/24,0.16
4/10/24,0.15
4/11/24,0.13
4/12/24,0.13
4/13/24,0.12
4/14/24,0.12
4/15/24,0.12
4/16/24,0.13
4/17/24,0.13
4/18/24,0.11
4/19/24,0.08
4/20/24,0.08
4/21/24,0.11
4/22/24,0.11
4/23/24,0.11
4/24/24,0.08
4/25/24,0.06
4/26/24,0.06
4/27/24,0.08
4/28/24,0.07
4/29/24,0.07
4/30/24,0.06
5/1/24,0.05
5/2/24,0.04
5/3/24,0.02
5/4/24,0.05
5/5/24,0.05
5/6/24,0.04
5/7/24,0.06
5/8/24,0.06
5/9/24,0.05
5/10/24,0.04
5/11/24,0.05
5/12/24,0.06
5/13/24,0.04
5/14/24,0.06
5/15/24,0.05
5/16/24,0.05
5/17/24,0.07
5/18/24,0.05
5/19/24,0.05
5/20/24,0.07
5/21/24,0.07
5/22/24,0.07
5/23/24,0.10
5/24/24,0.10
5/25/24,0.08
5/26/24,0.08
5/27/24,0.08
5/28/24,0.07
5/29/24,0.06
5/30/24,0.07
5/31/24,0.06
6/1/24,0.07
6/2/24,0.10
6/3/24,0.09
6/4/24,0.07
6/5/24,0.08
6/6/24,0.09
6/7/24,0.09
6/8/24,0.09
6/9/24,0.12
6/10/24,0.13
6/11/24,0.14
6/12/24,0.13
6/13/24,0.14
6/14/24,0.13
6/15/24,0.13
6/16/24,0.13
6/17/24,0.13
6/18/24,0.13
6/19/24,0.10
6/20/24,0.09
6/21/24,0.07
6/22/24,0.06
6/23/24,0.06
6/24/24,0.06
6/25/24,0.06
6/26/24,0.05
6/27/24,0.03
6/28/24,0.02
6/29/24,0.02
6/30/24,0.03
7/1/24,0.04
7/2/24,0.03
7/3/24,0.03
7/4/24,0.03
7/5/24,0.05
7/6/24,0.07
7/7/24,0.06
7/8/24,0.06
7/9/24,0.08
7/10/24,0.10
7/11/24,0.10
7/12/24,0.10
7/13/24,0.08
7/14/24,0.07
7/15/24,0.08
7/16/24,0.09
7/17/24,0.11
7/18/24,0.12
7/19/24,0.12
7/20/24,0.07
7/21/24,0.09
7/22/24,0.12
7/23/24,0.12
7/24/24,0.12
7/25/24,0.13
7/26/24,0.13
7/27/24,0.14
7/28/24,0.13
7/29/24,0.12
7/30/24,0.12
7/31/24,0.12
8/1/24,0.11
8/2/24,0.08
8/3/24,0.04
8/4/24,0.05
8/5/24,0.01
8/6/24,-0.03
8/7/24,-0.04
8/8/24,-0.04
8/9/24,-0.06
8/10/24,-0.06
8/11/24,-0.05
8/12/24,-0.03
8/13/24,-0.01
8/14/24,0.01
8/15/24,0.02
8/16/24,0.03
8/17/24,0.05
8/18/24,0.07
8/19/24,0.06
8/20/24,0.08
8/21/24,0.05
8/22/24,0.04
8/23/24,0.04
8/24/24,0.04
8/25/24,0.06
8/26/24,0.06
8/27/24,0.08
8/28/24,0.08
8/29/24,0.09
8/30/24,0.10
8/31/24,0.09
9/1/24,0.10
9/2/24,0.10
9/3/24,0.10
9/4/24,0.11
9/5/24,0.11
9/6/24,0.07
9/7/24,0.06
9/8/24,0.08
9/9/24,0.07
9/10/24,0.07
9/11/24,0.05
9/12/24,0.05
9/13/24,0.06
9/14/24,0.06
9/15/24,0.09
9/16/24,0.07
9/17/24,0.08
9/18/24,0.08
9/19/24,0.09
9/20/24,0.10
9/21/24,0.10
9/22/24,0.10
9/23/24,0.10
9/24/24,0.09
9/25/24,0.09
9/26/24,0.10
9/27/24,0.08
9/28/24,0.09
9/29/24,0.11
9/30/24,0.11
10/1/24,0.11
10/2/24,0.10
10/3/24,0.12
10/4/24,0.12
10/5/24,0.14
10/6/24,0.15
10/7/24,0.15
10/8/24,0.13
10/9/24,0.14
10/10/24,0.13
10/11/24,0.13
10/12/24,0.12
10/13/24,0.14
10/14/24,0.13
10/15/24,0.14
10/16/24,0.15
10/17/24,0.16
10/18/24,0.16
10/19/24,0.17
10/20/24,0.18
10/21/24,0.20
10/22/24,0.22
10/23/24,0.21
10/24/24,0.21
10/25/24,0.20
10/26/24,0.20
10/27/24,0.21
10/28/24,0.20
10/29/24,0.18
10/30/24,0.19
10/31/24,0.19
11/1/24,0.20
11/2/24,0.20
11/3/24,0.20
11/4/24,0.21
11/5/24,0.24
11/6/24,0.25
11/7/24,0.25
11/8/24,0.26
11/9/24,0.26
11/10/24,0.26
11/11/24,0.27
11/12/24,0.27
11/13/24,0.29
11/14/24,0.30
11/15/24,0.29
11/16/24,0.27
11/17/24,0.26
11/18/24,0.25
11/19/24,0.26
11/20/24,0.25
11/21/24,0.25
11/22/24,0.24
11/23/24,0.25
11/24/24,0.24
11/25/24,0.23
11/26/24,0.23
11/27/24,0.21
11/28/24,0.21
11/29/24,0.19
11/30/24,0.17
12/1/24,0.19
12/2/24,0.19
12/3/24,0.19
12/4/24,0.19
12/5/24,0.19
12/6/24,0.19
12/7/24,0.21
12/8/24,0.22
12/9/24,0.25
12/10/24,0.26
12/11/24,0.25
12/12/24,0.24
12/13/24,0.23
12/14/24,0.23
12/15/24,0.21
12/16/24,0.20
12/17/24,0.21
12/18/24,0.19
12/19/24,0.17
12/20/24,0.15
12/21/24,0.13
12/22/24,0.13
12/23/24,0.13
12/24/24,0.13
12/25/24,0.13
12/26/24,0.13
12/27/24,0.13
12/28/24,0.11
12/29/24,0.09
12/30/24,0.11
12/31/24,0.13
1/1/25,0.14
1/2/25,0.16
1/3/25,0.18
1/4/25,0.18
1/5/25,0.18
1/6/25,0.17
1/7/25,0.18
1/8/25,0.17
1/9/25,0.15
1/10/25,0.16
1/11/25,0.17
1/12/25,0.18
1/13/25,0.18
1/14/25,0.16
1/15/25,0.16
1/16/25,0.15
1/17/25,0.15
1/18/25,0.12
1/19/25,0.11
1/20/25,0.10
1/21/25,0.09
1/22/25,0.10
1/23/25,0.10
1/24/25,0.11
1/25/25,0.11
1/26/25,0.11
1/27/25,0.10
1/28/25,0.09
1/29/25,0.08
1/30/25,0.08
1/31/25,0.09
2/1/25,0.07
2/2/25,0.07
2/3/25,0.06
2/4/25,0.05
2/5/25,0.04
2/6/25,0.04
2/7/25,0.04
2/8/25,0.04
2/9/25,0.04
2/10/25,0.03
2/11/25,0.02
2/12/25,0.03
2/13/25,0.04
2/14/25,0.04
2/15/25,0.06
2/16/25,0.08
2/17/25,0.09
2/18/25,0.10
2/19/25,0.10
2/20/25,0.11
2/21/25,0.12
2/22/25,0.11
2/23/25,0.09
2/24/25,0.09
2/25/25,0.08
2/26/25,0.09
2/27/25,0.08
2/28/25,0.06
3/1/25,0.06
3/2/25,0.05
3/3/25,0.05
3/4/25,0.04
3/5/25,0.03
3/6/25,0.02
3/7/25,0.00
3/8/25,-0.02
3/9/25,-0.04
3/10/25,-0.03
3/11/25,-0.05
3/12/25,-0.06
3/13/25,-0.08
3/14/25,-0.09
3/15/25,-0.10
3/16/25,-0.12
3/17/25,-0.11
3/18/25,-0.12
3/19/25,-0.13
3/20/25,-0.13
3/21/25,-0.12
3/22/25,-0.13
3/23/25,-0.13
3/24/25,-0.13
3/25/25,-0.13
3/26/25,-0.13
3/27/25,-0.13
3/28/25,-0.13
3/29/25,-0.12
3/30/25,-0.11
3/31/25,-0.10
4/1/25,-0.12
4/2/25,-0.12
4/3/25,-0.13
4/4/25,-0.14
4/5/25,-0.15
4/6/25,-0.14
4/7/25,-0.15
4/8/25,-0.16
4/9/25,-0.16
4/10/25,-0.16
4/11/25,-0.17
4/12/25,-0.16
4/13/25,-0.14
4/14/25,-0.14
4/15/25,-0.14
4/16/25,-0.15
4/17/25,-0.15
4/18/25,-0.14
4/19/25,-0.14
4/20/25,-0.14
4/21/25,-0.14
4/22/25,-0.15
4/23/25,-0.13
4/24/25,-0.14
4/25/25,-0.15
4/26/25,-0.14
4/27/25,-0.14
4/28/25,-0.12
4/29/25,-0.11
4/30/25,-0.11
5/1/25,-0.11
5/2/25,-0.11
5/3/25,-0.10
5/4/25,-0.08
5/5/25,-0.07
5/6/25,-0.08
5/7/25,-0.06
5/8/25,-0.05
5/9/25,-0.03
5/10/25,-0.04
5/11/25,-0.03
5/12/25,-0.02
5/13/25,-0.01
5/14/25,-0.02
5/15/25,-0.03
5/16/25,-0.02
5/17/25,-0.03
5/18/25,-0.04
5/19/25,-0.04
5/20/25,-0.05
5/21/25,-0.06
5/22/25,-0.07
5/23/25,-0.08
5/24/25,-0.08
5/25/25,-0.09
5/26/25,-0.09
5/27/25,-0.08
5/28/25,-0.08
5/29/25,-0.07
5/30/25,-0.07
5/31/25,-0.08
6/1/25,-0.07
6/2/25,-0.07
6/3/25,-0.07
6/4/25,-0.09
6/5/25,-0.10
6/6/25,-0.10
6/7/25,-0.09
6/8/25,-0.08
6/9/25,-0.08
6/10/25,-0.08
6/11/25,-0.07
6/12/25,-0.07
6/13/25,-0.08
6/14/25,-0.07
6/15/25,-0.07
6/16/25,-0.06
6/17/25,-0.06
6/18/25,-0.06
6/19/25,-0.07
6/20/25,-0.08
6/21/25,-0.08
6/22/25,-0.07
6/23/25,-0.05
6/24/25,-0.06
6/25/25,-0.07
6/26/25,-0.08
6/27/25,-0.07
6/28/25,-0.09
6/29/25,-0.09
6/30/25,-0.08
7/1/25,-0.09
7/2/25,-0.09
7/3/25,-0.08
7/4/25,-0.08
7/5/25,-0.06
7/6/25,-0.05
7/7/25,-0.04
7/8/25,-0.03
7/9/25,-0.02
7/10/25,-0.01
7/11/25,-0.02
7/12/25,-0.02
7/13/25,-0.02
7/14/25,-0.02
7/15/25,-0.01
7/16/25,-0.02
7/17/25,-0.02
7/18/25,-0.02
7/19/25,-0.03
7/20/25,-0.02
7/21/25,-0.02
7/22/25,-0.03
7/23/25,-0.01
7/24/25,-0.01
7/25/25,0.00
7/26/25,0.02
7/27/25,0.02
7/28/25,0.04
7/29/25,0.04
7/30/25,0.04
7/31/25,0.03
8/1/25,0.03
8/2/25,0.03
8/3/25,0.02
8/4/25,0.04
8/5/25,0.03
8/6/25,0.02
8/7/25,0.02
8/8/25,0.02
8/9/25,0.00
8/10/25,0.00
8/11/25,0.02
8/12/25,0.04
8/13/25,0.05
8/14/25,0.06
8/15/25,0.07
8/16/25,0.07
8/17/25,0.09
8/18/25,0.07
8/19/25,0.06
8/20/25,0.06
8/21/25,0.05
8/22/25,0.05
8/23/25,0.04
8/24/25,0.07
8/25/25,0.06
8/26/25,0.05
8/27/25,0.04
8/28/25,0.02
8/29/25,0.01
8/30/25,-0.01
8/31/25,0.00
9/1/25,-0.01
9/2/25,0.00
9/3/25,-0.01
9/4/25,-0.03
9/5/25,-0.04
9/6/25,-0.04
9/7/25,-0.04
9/8/25,-0.04
9/9/25,-0.04
9/10/25,-0.03
9/11/25,-0.05
9/12/25,-0.06
9/13/25,-0.05
9/14/25,-0.03
9/15/25,-0.03
9/16/25,-0.03
9/17/25,-0.04
9/18/25,-0.05
9/19/25,-0.05
9/20/25,-0.06
9/21/25,-0.05
9/22/25,-0.03
9/23/25,-0.02
9/24/25,-0.03
9/25/25,-0.03
9/26/25,-0.04
9/27/25,-0.06
9/28/25,-0.05
9/29/25,-0.05
9/30/25,-0.08
10/1/25,-0.09
10/2/25,-0.10
10/3/25,-0.11
10/4/25,-0.12
10/5/25,-0.14
10/6/25,-0.13
10/7/25,-0.13
10/8/25,-0.12
10/9/25,-0.12
10/10/25,-0.13
10/11/25,-0.17
10/12/25,-0.18
10/13/25,-0.17
10/14/25,-0.16
10/15/25,-0.17
10/16/25,-0.17
10/17/25,-0.17
10/18/25,-0.16
10/19/25,-0.14
10/20/25,-0.15
10/21/25,-0.14
10/22/25,-0.14
10/23/25,-0.15
10/24/25,-0.15
10/25/25,-0.13
10/26/25,-0.11