Date,Value
2011-01-07,63.0
2011-01-08,62.57142857142857
2011-01-09,62.142857142857146
2011-01-10,61.714285714285715
2011-01-11,61.285714285714285
2011-01-12,60.857142857142854
2011-01-13,60.42857142857143
2011-01-14,60.0
2011-01-15,58.142857142857146
2011-01-16,56.285714285714285
2011-01-17,54.42857142857143
2011-01-18,52.57142857142857
2011-01-19,50.714285714285715
2011-01-20,48.857142857142854
2011-01-21,47.0
2011-01-22,46.42857142857143
2011-01-23,45.857142857142854
2011-01-24,45.285714285714285
2011-01-25,44.714285714285715
2011-01-26,44.142857142857146
2011-01-27,43.57142857142857
2011-01-28,43.0
2011-01-29,43.857142857142854
2011-01-30,44.714285714285715
2011-01-31,45.57142857142857
2011-02-01,46.42857142857143
2011-02-02,47.285714285714285
2011-02-03,48.142857142857146
2011-02-04,49.0
2011-02-05,50.0
2011-02-06,51.0
2011-02-07,52.0
2011-02-08,53.0
2011-02-09,54.0
2011-02-10,55.0
2011-02-11,56.0
2011-02-12,56.0
2011-02-13,56.0
2011-02-14,56.0
2011-02-15,56.0
2011-02-16,56.0
2011-02-17,56.0
2011-02-18,56.0
2011-02-19,54.0
2011-02-20,52.0
2011-02-21,50.0
2011-02-22,48.0
2011-02-23,46.0
2011-02-24,44.0
2011-02-25,42.0
2011-02-26,41.57142857142857
2011-02-27,41.142857142857146
2011-02-28,40.714285714285715
2011-03-01,40.285714285714285
2011-03-02,39.857142857142854
2011-03-03,39.42857142857143
2011-03-04,39.0
2011-03-05,37.142857142857146
2011-03-06,35.285714285714285
2011-03-07,33.42857142857143
2011-03-08,31.57142857142857
2011-03-09,29.714285714285715
2011-03-10,27.857142857142858
2011-03-11,26.0
2011-03-12,23.571428571428573
2011-03-13,21.142857142857142
2011-03-14,18.714285714285715
2011-03-15,16.285714285714285
2011-03-16,13.857142857142858
2011-03-17,11.42857142857143
2011-03-18,9.0
2011-03-19,10.428571428571429
2011-03-20,11.857142857142858
2011-03-21,13.285714285714286
2011-03-22,14.714285714285715
2011-03-23,16.142857142857142
2011-03-24,17.571428571428573
2011-03-25,19.0
2011-03-26,20.142857142857142
2011-03-27,21.285714285714285
2011-03-28,22.428571428571427
2011-03-29,23.57142857142857
2011-03-30,24.714285714285715
2011-03-31,25.857142857142858
2011-04-01,27.0
2011-04-02,28.428571428571427
2011-04-03,29.857142857142858
2011-04-04,31.285714285714285
2011-04-05,32.714285714285715
2011-04-06,34.142857142857146
2011-04-07,35.57142857142857
2011-04-08,37.0
2011-04-09,35.714285714285715
2011-04-10,34.42857142857143
2011-04-11,33.142857142857146
2011-04-12,31.857142857142858
2011-04-13,30.57142857142857
2011-04-14,29.285714285714285
2011-04-15,28.0
2011-04-16,28.333333333333332
2011-04-17,28.666666666666668
2011-04-18,29.0
2011-04-19,29.333333333333332
2011-04-20,29.666666666666668
2011-04-21,30.0
2011-04-22,31.375
2011-04-23,32.75
2011-04-24,34.125
2011-04-25,35.5
2011-04-26,36.875
2011-04-27,38.25
2011-04-28,39.625
2011-04-29,41.0
2011-04-30,39.0
2011-05-01,37.0
2011-05-02,35.0
2011-05-03,33.0
2011-05-04,31.0
2011-05-05,29.0
2011-05-06,27.0
2011-05-07,27.714285714285715
2011-05-08,28.428571428571427
2011-05-09,29.142857142857142
2011-05-10,29.857142857142858
2011-05-11,30.571428571428573
2011-05-12,31.285714285714285
2011-05-13,32.0
2011-05-14,30.571428571428573
2011-05-15,29.142857142857142
2011-05-16,27.714285714285715
2011-05-17,26.285714285714285
2011-05-18,24.857142857142858
2011-05-19,23.428571428571427
2011-05-20,22.0
2011-05-21,21.142857142857142
2011-05-22,20.285714285714285
2011-05-23,19.428571428571427
2011-05-24,18.571428571428573
2011-05-25,17.714285714285715
2011-05-26,16.857142857142858
2011-05-27,16.0
2011-05-28,15.0
2011-05-29,14.0
2011-05-30,13.0
2011-05-31,12.0
2011-06-01,11.0
2011-06-02,10.0
2011-06-03,9.0
2011-06-04,8.428571428571429
2011-06-05,7.857142857142858
2011-06-06,7.285714285714286
2011-06-07,6.714285714285714
2011-06-08,6.142857142857143
2011-06-09,5.571428571428571
2011-06-10,5.0
2011-06-11,5.285714285714286
2011-06-12,5.571428571428571
2011-06-13,5.857142857142857
2011-06-14,6.142857142857142
2011-06-15,6.428571428571429
2011-06-16,6.714285714285714
2011-06-17,7.0
2011-06-18,7.571428571428571
2011-06-19,8.142857142857142
2011-06-20,8.714285714285714
2011-06-21,9.285714285714285
2011-06-22,9.857142857142858
2011-06-23,10.428571428571429
2011-06-24,11.0
2011-06-25,14.285714285714285
2011-06-26,17.57142857142857
2011-06-27,20.857142857142858
2011-06-28,24.142857142857142
2011-06-29,27.428571428571427
2011-06-30,30.714285714285715
2011-07-01,34.0
2011-07-02,35.285714285714285
2011-07-03,36.57142857142857
2011-07-04,37.857142857142854
2011-07-05,39.142857142857146
2011-07-06,40.42857142857143
2011-07-07,41.714285714285715
2011-07-08,43.0
2011-07-09,41.42857142857143
2011-07-10,39.857142857142854
2011-07-11,38.285714285714285
2011-07-12,36.714285714285715
2011-07-13,35.142857142857146
2011-07-14,33.57142857142857
2011-07-15,32.0
2011-07-16,34.714285714285715
2011-07-17,37.42857142857143
2011-07-18,40.142857142857146
2011-07-19,42.85714285714286
2011-07-20,45.57142857142857
2011-07-21,48.285714285714285
2011-07-22,51.0
2011-07-23,46.0
2011-07-24,41.0
2011-07-25,36.0
2011-07-26,31.0
2011-07-27,26.0
2011-07-28,21.0
2011-07-29,16.0
2011-07-30,14.428571428571429
2011-07-31,12.857142857142858
2011-08-01,11.285714285714286
2011-08-02,9.714285714285715
2011-08-03,8.142857142857142
2011-08-04,6.571428571428571
2011-08-05,5.0
2011-08-06,5.142857142857143
2011-08-07,5.285714285714286
2011-08-08,5.428571428571429
2011-08-09,5.571428571428571
2011-08-10,5.714285714285714
2011-08-11,5.857142857142857
2011-08-12,6.0
2011-08-13,6.0
2011-08-14,6.0
2011-08-15,6.0
2011-08-16,6.0
2011-08-17,6.0
2011-08-18,6.0
2011-08-19,6.0
2011-08-20,6.857142857142857
2011-08-21,7.714285714285714
2011-08-22,8.571428571428571
2011-08-23,9.428571428571429
2011-08-24,10.285714285714285
2011-08-25,11.142857142857142
2011-08-26,12.0
2011-08-27,14.0
2011-08-28,16.0
2011-08-29,18.0
2011-08-30,20.0
2011-08-31,22.0
2011-09-01,24.0
2011-09-02,26.0
2011-09-03,25.857142857142858
2011-09-04,25.714285714285715
2011-09-05,25.571428571428573
2011-09-06,25.428571428571427
2011-09-07,25.285714285714285
2011-09-08,25.142857142857142
2011-09-09,25.0
2011-09-10,26.857142857142858
2011-09-11,28.714285714285715
2011-09-12,30.571428571428573
2011-09-13,32.42857142857143
2011-09-14,34.285714285714285
2011-09-15,36.142857142857146
2011-09-16,38.0
2011-09-17,36.57142857142857
2011-09-18,35.142857142857146
2011-09-19,33.714285714285715
2011-09-20,32.285714285714285
2011-09-21,30.857142857142858
2011-09-22,29.428571428571427
2011-09-23,28.0
2011-09-24,27.142857142857142
2011-09-25,26.285714285714285
2011-09-26,25.428571428571427
2011-09-27,24.571428571428573
2011-09-28,23.714285714285715
2011-09-29,22.857142857142858
2011-09-30,22.0
2011-10-01,23.285714285714285
2011-10-02,24.571428571428573
2011-10-03,25.857142857142858
2011-10-04,27.142857142857142
2011-10-05,28.42857142857143
2011-10-06,29.714285714285715
2011-10-07,31.0
2011-10-08,32.42857142857143
2011-10-09,33.857142857142854
2011-10-10,35.285714285714285
2011-10-11,36.714285714285715
2011-10-12,38.142857142857146
2011-10-13,39.57142857142857
2011-10-14,41.0
2011-10-15,44.57142857142857
2011-10-16,48.142857142857146
2011-10-17,51.714285714285715
2011-10-18,55.285714285714285
2011-10-19,58.85714285714286
2011-10-20,62.42857142857143
2011-10-21,66.0
2011-10-22,66.0
2011-10-23,66.0
2011-10-24,66.0
2011-10-25,66.0
2011-10-26,66.0
2011-10-27,66.0
2011-10-28,66.0
2011-10-29,65.14285714285714
2011-10-30,64.28571428571429
2011-10-31,63.42857142857143
2011-11-01,62.57142857142857
2011-11-02,61.714285714285715
2011-11-03,60.857142857142854
2011-11-04,60.0
2011-11-05,60.0
2011-11-06,60.0
2011-11-07,60.0
2011-11-08,60.0
2011-11-09,60.0
2011-11-10,60.0
2011-11-11,60.0
2011-11-12,58.0
2011-11-13,56.0
2011-11-14,54.0
2011-11-15,52.0
2011-11-16,50.0
2011-11-17,48.0
2011-11-18,46.0
2011-11-19,46.714285714285715
2011-11-20,47.42857142857143
2011-11-21,48.142857142857146
2011-11-22,48.857142857142854
2011-11-23,49.57142857142857
2011-11-24,50.285714285714285
2011-11-25,51.0
2011-11-26,53.285714285714285
2011-11-27,55.57142857142857
2011-11-28,57.857142857142854
2011-11-29,60.14285714285714
2011-11-30,62.42857142857143
2011-12-01,64.71428571428571
2011-12-02,67.0
2011-12-03,66.71428571428571
2011-12-04,66.42857142857143
2011-12-05,66.14285714285714
2011-12-06,65.85714285714286
2011-12-07,65.57142857142857
2011-12-08,65.28571428571429
2011-12-09,65.0
2011-12-10,64.28571428571429
2011-12-11,63.57142857142857
2011-12-12,62.857142857142854
2011-12-13,62.142857142857146
2011-12-14,61.42857142857143
2011-12-15,60.714285714285715
2011-12-16,60.0
2011-12-17,62.42857142857143
2011-12-18,64.85714285714286
2011-12-19,67.28571428571429
2011-12-20,69.71428571428571
2011-12-21,72.14285714285714
2011-12-22,74.57142857142857
2011-12-23,77.0
2011-12-24,76.71428571428571
2011-12-25,76.42857142857143
2011-12-26,76.14285714285714
2011-12-27,75.85714285714286
2011-12-28,75.57142857142857
2011-12-29,75.28571428571429
2011-12-30,75.0
2011-12-31,75.42857142857143
2012-01-01,75.85714285714286
2012-01-02,76.28571428571429
2012-01-03,76.71428571428571
2012-01-04,77.14285714285714
2012-01-05,77.57142857142857
2012-01-06,78.0
2012-01-07,78.71428571428571
2012-01-08,79.42857142857143
2012-01-09,80.14285714285714
2012-01-10,80.85714285714286
2012-01-11,81.57142857142857
2012-01-12,82.28571428571429
2012-01-13,83.0
2012-01-14,83.71428571428571
2012-01-15,84.42857142857143
2012-01-16,85.14285714285714
2012-01-17,85.85714285714286
2012-01-18,86.57142857142857
2012-01-19,87.28571428571429
2012-01-20,88.0
2012-01-21,87.14285714285714
2012-01-22,86.28571428571429
2012-01-23,85.42857142857143
2012-01-24,84.57142857142857
2012-01-25,83.71428571428571
2012-01-26,82.85714285714286
2012-01-27,82.0
2012-01-28,82.85714285714286
2012-01-29,83.71428571428571
2012-01-30,84.57142857142857
2012-01-31,85.42857142857143
2012-02-01,86.28571428571429
2012-02-02,87.14285714285714
2012-02-03,88.0
2012-02-04,87.28571428571429
2012-02-05,86.57142857142857
2012-02-06,85.85714285714286
2012-02-07,85.14285714285714
2012-02-08,84.42857142857143
2012-02-09,83.71428571428571
2012-02-10,83.0
2012-02-11,82.57142857142857
2012-02-12,82.14285714285714
2012-02-13,81.71428571428571
2012-02-14,81.28571428571429
2012-02-15,80.85714285714286
2012-02-16,80.42857142857143
2012-02-17,80.0
2012-02-18,79.85714285714286
2012-02-19,79.71428571428571
2012-02-20,79.57142857142857
2012-02-21,79.42857142857143
2012-02-22,79.28571428571429
2012-02-23,79.14285714285714
2012-02-24,79.0
2012-02-25,77.42857142857143
2012-02-26,75.85714285714286
2012-02-27,74.28571428571429
2012-02-28,72.71428571428571
2012-02-29,71.14285714285714
2012-03-01,69.57142857142857
2012-03-02,68.0
2012-03-03,68.28571428571429
2012-03-04,68.57142857142857
2012-03-05,68.85714285714286
2012-03-06,69.14285714285714
2012-03-07,69.42857142857143
2012-03-08,69.71428571428571
2012-03-09,70.0
2012-03-10,71.0
2012-03-11,72.0
2012-03-12,73.0
2012-03-13,74.0
2012-03-14,75.0
2012-03-15,76.0
2012-03-16,77.0
2012-03-17,76.14285714285714
2012-03-18,75.28571428571429
2012-03-19,74.42857142857143
2012-03-20,73.57142857142857
2012-03-21,72.71428571428571
2012-03-22,71.85714285714286
2012-03-23,71.0
2012-03-24,69.85714285714286
2012-03-25,68.71428571428571
2012-03-26,67.57142857142857
2012-03-27,66.42857142857143
2012-03-28,65.28571428571429
2012-03-29,64.14285714285714
2012-03-30,63.0
2012-03-31,61.666666666666664
2012-04-01,60.333333333333336
2012-04-02,59.0
2012-04-03,57.666666666666664
2012-04-04,56.333333333333336
2012-04-05,55.0
2012-04-06,52.875
2012-04-07,50.75
2012-04-08,48.625
2012-04-09,46.5
2012-04-10,44.375
2012-04-11,42.25
2012-04-12,40.125
2012-04-13,38.0
2012-04-14,37.57142857142857
2012-04-15,37.142857142857146
2012-04-16,36.714285714285715
2012-04-17,36.285714285714285
2012-04-18,35.857142857142854
2012-04-19,35.42857142857143
2012-04-20,35.0
2012-04-21,35.857142857142854
2012-04-22,36.714285714285715
2012-04-23,37.57142857142857
2012-04-24,38.42857142857143
2012-04-25,39.285714285714285
2012-04-26,40.142857142857146
2012-04-27,41.0
2012-04-28,41.0
2012-04-29,41.0
2012-04-30,41.0
2012-05-01,41.0
2012-05-02,41.0
2012-05-03,41.0
2012-05-04,41.0
2012-05-05,38.714285714285715
2012-05-06,36.42857142857143
2012-05-07,34.142857142857146
2012-05-08,31.857142857142858
2012-05-09,29.571428571428573
2012-05-10,27.285714285714285
2012-05-11,25.0
2012-05-12,23.142857142857142
2012-05-13,21.285714285714285
2012-05-14,19.428571428571427
2012-05-15,17.57142857142857
2012-05-16,15.714285714285714
2012-05-17,13.857142857142858
2012-05-18,12.0
2012-05-19,12.142857142857142
2012-05-20,12.285714285714286
2012-05-21,12.428571428571429
2012-05-22,12.571428571428571
2012-05-23,12.714285714285714
2012-05-24,12.857142857142858
2012-05-25,13.0
2012-05-26,12.571428571428571
2012-05-27,12.142857142857142
2012-05-28,11.714285714285714
2012-05-29,11.285714285714286
2012-05-30,10.857142857142858
2012-05-31,10.428571428571429
2012-06-01,10.0
2012-06-02,11.285714285714286
2012-06-03,12.571428571428571
2012-06-04,13.857142857142858
2012-06-05,15.142857142857142
2012-06-06,16.42857142857143
2012-06-07,17.714285714285715
2012-06-08,19.0
2012-06-09,21.285714285714285
2012-06-10,23.57142857142857
2012-06-11,25.857142857142858
2012-06-12,28.142857142857142
2012-06-13,30.428571428571427
2012-06-14,32.714285714285715
2012-06-15,35.0
2012-06-16,34.714285714285715
2012-06-17,34.42857142857143
2012-06-18,34.142857142857146
2012-06-19,33.857142857142854
2012-06-20,33.57142857142857
2012-06-21,33.285714285714285
2012-06-22,33.0
2012-06-23,35.857142857142854
2012-06-24,38.714285714285715
2012-06-25,41.57142857142857
2012-06-26,44.42857142857143
2012-06-27,47.285714285714285
2012-06-28,50.142857142857146
2012-06-29,53.0
2012-06-30,52.714285714285715
2012-07-01,52.42857142857143
2012-07-02,52.142857142857146
2012-07-03,51.857142857142854
2012-07-04,51.57142857142857
2012-07-05,51.285714285714285
2012-07-06,51.0
2012-07-07,50.142857142857146
2012-07-08,49.285714285714285
2012-07-09,48.42857142857143
2012-07-10,47.57142857142857
2012-07-11,46.714285714285715
2012-07-12,45.857142857142854
2012-07-13,45.0
2012-07-14,45.857142857142854
2012-07-15,46.714285714285715
2012-07-16,47.57142857142857
2012-07-17,48.42857142857143
2012-07-18,49.285714285714285
2012-07-19,50.142857142857146
2012-07-20,51.0
2012-07-21,52.42857142857143
2012-07-22,53.857142857142854
2012-07-23,55.285714285714285
2012-07-24,56.714285714285715
2012-07-25,58.142857142857146
2012-07-26,59.57142857142857
2012-07-27,61.0
2012-07-28,61.285714285714285
2012-07-29,61.57142857142857
2012-07-30,61.857142857142854
2012-07-31,62.142857142857146
2012-08-01,62.42857142857143
2012-08-02,62.714285714285715
2012-08-03,63.0
2012-08-04,64.0
2012-08-05,65.0
2012-08-06,66.0
2012-08-07,67.0
2012-08-08,68.0
2012-08-09,69.0
2012-08-10,70.0
2012-08-11,71.28571428571429
2012-08-12,72.57142857142857
2012-08-13,73.85714285714286
2012-08-14,75.14285714285714
2012-08-15,76.42857142857143
2012-08-16,77.71428571428571
2012-08-17,79.0
2012-08-18,77.71428571428571
2012-08-19,76.42857142857143
2012-08-20,75.14285714285714
2012-08-21,73.85714285714286
2012-08-22,72.57142857142857
2012-08-23,71.28571428571429
2012-08-24,70.0
2012-08-25,68.42857142857143
2012-08-26,66.85714285714286
2012-08-27,65.28571428571429
2012-08-28,63.714285714285715
2012-08-29,62.142857142857146
2012-08-30,60.57142857142857
2012-08-31,59.0
2012-09-01,62.42857142857143
2012-09-02,65.85714285714286
2012-09-03,69.28571428571429
2012-09-04,72.71428571428571
2012-09-05,76.14285714285714
2012-09-06,79.57142857142857
2012-09-07,83.0
2012-09-08,84.42857142857143
2012-09-09,85.85714285714286
2012-09-10,87.28571428571429
2012-09-11,88.71428571428571
2012-09-12,90.14285714285714
2012-09-13,91.57142857142857
2012-09-14,93.0
2012-09-15,93.0
2012-09-16,93.0
2012-09-17,93.0
2012-09-18,93.0
2012-09-19,93.0
2012-09-20,93.0
2012-09-21,93.0
2012-09-22,89.85714285714286
2012-09-23,86.71428571428571
2012-09-24,83.57142857142857
2012-09-25,80.42857142857143
2012-09-26,77.28571428571429
2012-09-27,74.14285714285714
2012-09-28,71.0
2012-09-29,72.0
2012-09-30,73.0
2012-10-01,74.0
2012-10-02,75.0
2012-10-03,76.0
2012-10-04,77.0
2012-10-05,78.0
2012-10-06,74.85714285714286
2012-10-07,71.71428571428571
2012-10-08,68.57142857142857
2012-10-09,65.42857142857143
2012-10-10,62.285714285714285
2012-10-11,59.142857142857146
2012-10-12,56.0
2012-10-13,56.0
2012-10-14,56.0
2012-10-15,56.0
2012-10-16,56.0
2012-10-17,56.0
2012-10-18,56.0
2012-10-19,56.0
2012-10-20,53.714285714285715
2012-10-21,51.42857142857143
2012-10-22,49.142857142857146
2012-10-23,46.85714285714286
2012-10-24,44.57142857142857
2012-10-25,42.285714285714285
2012-10-26,40.0
2012-10-27,41.42857142857143
2012-10-28,42.857142857142854
2012-10-29,44.285714285714285
2012-10-30,45.714285714285715
2012-10-31,47.142857142857146
2012-11-01,48.57142857142857
2012-11-02,50.0
2012-11-03,48.42857142857143
2012-11-04,46.857142857142854
2012-11-05,45.285714285714285
2012-11-06,43.714285714285715
2012-11-07,42.142857142857146
2012-11-08,40.57142857142857
2012-11-09,39.0
2012-11-10,37.42857142857143
2012-11-11,35.857142857142854
2012-11-12,34.285714285714285
2012-11-13,32.714285714285715
2012-11-14,31.142857142857142
2012-11-15,29.571428571428573
2012-11-16,28.0
2012-11-17,30.714285714285715
2012-11-18,33.42857142857143
2012-11-19,36.142857142857146
2012-11-20,38.85714285714286
2012-11-21,41.57142857142857
2012-11-22,44.285714285714285
2012-11-23,47.0
2012-11-24,47.42857142857143
2012-11-25,47.857142857142854
2012-11-26,48.285714285714285
2012-11-27,48.714285714285715
2012-11-28,49.142857142857146
2012-11-29,49.57142857142857
2012-11-30,50.0
2012-12-01,50.142857142857146
2012-12-02,50.285714285714285
2012-12-03,50.42857142857143
2012-12-04,50.57142857142857
2012-12-05,50.714285714285715
2012-12-06,50.857142857142854
2012-12-07,51.0
2012-12-08,51.857142857142854
2012-12-09,52.714285714285715
2012-12-10,53.57142857142857
2012-12-11,54.42857142857143
2012-12-12,55.285714285714285
2012-12-13,56.142857142857146
2012-12-14,57.0
2012-12-15,56.857142857142854
2012-12-16,56.714285714285715
2012-12-17,56.57142857142857
2012-12-18,56.42857142857143
2012-12-19,56.285714285714285
2012-12-20,56.142857142857146
2012-12-21,56.0
2012-12-22,57.42857142857143
2012-12-23,58.857142857142854
2012-12-24,60.285714285714285
2012-12-25,61.714285714285715
2012-12-26,63.142857142857146
2012-12-27,64.57142857142857
2012-12-28,66.0
2012-12-29,66.0
2012-12-30,66.0
2012-12-31,66.0
2013-01-01,70.0
2013-01-02,74.0
2013-01-03,78.0
2013-01-04,82.0
2013-01-05,82.42857142857143
2013-01-06,82.85714285714286
2013-01-07,83.28571428571429
2013-01-08,83.71428571428571
2013-01-09,84.14285714285714
2013-01-10,84.57142857142857
2013-01-11,85.0
2013-01-12,85.57142857142857
2013-01-13,86.14285714285714
2013-01-14,86.71428571428571
2013-01-15,87.28571428571429
2013-01-16,87.85714285714286
2013-01-17,88.42857142857143
2013-01-18,89.0
2013-01-19,89.28571428571429
2013-01-20,89.57142857142857
2013-01-21,89.85714285714286
2013-01-22,90.14285714285714
2013-01-23,90.42857142857143
2013-01-24,90.71428571428571
2013-01-25,91.0
2013-01-26,90.57142857142857
2013-01-27,90.14285714285714
2013-01-28,89.71428571428571
2013-01-29,89.28571428571429
2013-01-30,88.85714285714286
2013-01-31,88.42857142857143
2013-02-01,88.0
2013-02-02,87.28571428571429
2013-02-03,86.57142857142857
2013-02-04,85.85714285714286
2013-02-05,85.14285714285714
2013-02-06,84.42857142857143
2013-02-07,83.71428571428571
2013-02-08,83.0
2013-02-09,83.14285714285714
2013-02-10,83.28571428571429
2013-02-11,83.42857142857143
2013-02-12,83.57142857142857
2013-02-13,83.71428571428571
2013-02-14,83.85714285714286
2013-02-15,84.0
2013-02-16,83.14285714285714
2013-02-17,82.28571428571429
2013-02-18,81.42857142857143
2013-02-19,80.57142857142857
2013-02-20,79.71428571428571
2013-02-21,78.85714285714286
2013-02-22,78.0
2013-02-23,75.42857142857143
2013-02-24,72.85714285714286
2013-02-25,70.28571428571429
2013-02-26,67.71428571428571
2013-02-27,65.14285714285714
2013-02-28,62.57142857142857
2013-03-01,60.0
2013-03-02,63.142857142857146
2013-03-03,66.28571428571429
2013-03-04,69.42857142857143
2013-03-05,72.57142857142857
2013-03-06,75.71428571428571
2013-03-07,78.85714285714286
2013-03-08,82.0
2013-03-09,81.28571428571429
2013-03-10,80.57142857142857
2013-03-11,79.85714285714286
2013-03-12,79.14285714285714
2013-03-13,78.42857142857143
2013-03-14,77.71428571428571
2013-03-15,77.0
2013-03-16,75.85714285714286
2013-03-17,74.71428571428571
2013-03-18,73.57142857142857
2013-03-19,72.42857142857143
2013-03-20,71.28571428571429
2013-03-21,70.14285714285714
2013-03-22,69.0
2013-03-23,69.5
2013-03-24,70.0
2013-03-25,70.5
2013-03-26,71.0
2013-03-27,71.5
2013-03-28,72.0
2013-03-29,69.5
2013-03-30,67.0
2013-03-31,64.5
2013-04-01,62.0
2013-04-02,59.5
2013-04-03,57.0
2013-04-04,54.5
2013-04-05,52.0
2013-04-06,52.714285714285715
2013-04-07,53.42857142857143
2013-04-08,54.142857142857146
2013-04-09,54.857142857142854
2013-04-10,55.57142857142857
2013-04-11,56.285714285714285
2013-04-12,57.0
2013-04-13,54.714285714285715
2013-04-14,52.42857142857143
2013-04-15,50.142857142857146
2013-04-16,47.85714285714286
2013-04-17,45.57142857142857
2013-04-18,43.285714285714285
2013-04-19,41.0
2013-04-20,42.714285714285715
2013-04-21,44.42857142857143
2013-04-22,46.142857142857146
2013-04-23,47.857142857142854
2013-04-24,49.57142857142857
2013-04-25,51.285714285714285
2013-04-26,53.0
2013-04-27,54.57142857142857
2013-04-28,56.142857142857146
2013-04-29,57.714285714285715
2013-04-30,59.285714285714285
2013-05-01,60.857142857142854
2013-05-02,62.42857142857143
2013-05-03,64.0
2013-05-04,65.85714285714286
2013-05-05,67.71428571428571
2013-05-06,69.57142857142857
2013-05-07,71.42857142857143
2013-05-08,73.28571428571429
2013-05-09,75.14285714285714
2013-05-10,77.0
2013-05-11,79.0
2013-05-12,81.0
2013-05-13,83.0
2013-05-14,85.0
2013-05-15,87.0
2013-05-16,89.0
2013-05-17,91.0
2013-05-18,88.71428571428571
2013-05-19,86.42857142857143
2013-05-20,84.14285714285714
2013-05-21,81.85714285714286
2013-05-22,79.57142857142857
2013-05-23,77.28571428571429
2013-05-24,75.0
2013-05-25,72.85714285714286
2013-05-26,70.71428571428571
2013-05-27,68.57142857142857
2013-05-28,66.42857142857143
2013-05-29,64.28571428571429
2013-05-30,62.142857142857146
2013-05-31,60.0
2013-06-01,57.142857142857146
2013-06-02,54.285714285714285
2013-06-03,51.42857142857143
2013-06-04,48.57142857142857
2013-06-05,45.714285714285715
2013-06-06,42.857142857142854
2013-06-07,40.0
2013-06-08,38.42857142857143
2013-06-09,36.857142857142854
2013-06-10,35.285714285714285
2013-06-11,33.714285714285715
2013-06-12,32.142857142857146
2013-06-13,30.571428571428573
2013-06-14,29.0
2013-06-15,27.571428571428573
2013-06-16,26.142857142857142
2013-06-17,24.714285714285715
2013-06-18,23.285714285714285
2013-06-19,21.857142857142858
2013-06-20,20.428571428571427
2013-06-21,19.0
2013-06-22,19.428571428571427
2013-06-23,19.857142857142858
2013-06-24,20.285714285714285
2013-06-25,20.714285714285715
2013-06-26,21.142857142857142
2013-06-27,21.571428571428573
2013-06-28,22.0
2013-06-29,24.285714285714285
2013-06-30,26.57142857142857
2013-07-01,28.857142857142858
2013-07-02,31.142857142857142
2013-07-03,33.42857142857143
2013-07-04,35.714285714285715
2013-07-05,38.0
2013-07-06,41.285714285714285
2013-07-07,44.57142857142857
2013-07-08,47.857142857142854
2013-07-09,51.14285714285714
2013-07-10,54.42857142857143
2013-07-11,57.714285714285715
2013-07-12,61.0
2013-07-13,62.0
2013-07-14,63.0
2013-07-15,64.0
2013-07-16,65.0
2013-07-17,66.0
2013-07-18,67.0
2013-07-19,68.0
2013-07-20,67.42857142857143
2013-07-21,66.85714285714286
2013-07-22,66.28571428571429
2013-07-23,65.71428571428571
2013-07-24,65.14285714285714
2013-07-25,64.57142857142857
2013-07-26,64.0
2013-07-27,63.714285714285715
2013-07-28,63.42857142857143
2013-07-29,63.142857142857146
2013-07-30,62.857142857142854
2013-07-31,62.57142857142857
2013-08-01,62.285714285714285
2013-08-02,62.0
2013-08-03,59.42857142857143
2013-08-04,56.857142857142854
2013-08-05,54.285714285714285
2013-08-06,51.714285714285715
2013-08-07,49.14285714285714
2013-08-08,46.57142857142857
2013-08-09,44.0
2013-08-10,43.285714285714285
2013-08-11,42.57142857142857
2013-08-12,41.857142857142854
2013-08-13,41.142857142857146
2013-08-14,40.42857142857143
2013-08-15,39.714285714285715
2013-08-16,39.0
2013-08-17,37.285714285714285
2013-08-18,35.57142857142857
2013-08-19,33.857142857142854
2013-08-20,32.142857142857146
2013-08-21,30.42857142857143
2013-08-22,28.714285714285715
2013-08-23,27.0
2013-08-24,26.0
2013-08-25,25.0
2013-08-26,24.0
2013-08-27,23.0
2013-08-28,22.0
2013-08-29,21.0
2013-08-30,20.0
2013-08-31,22.285714285714285
2013-09-01,24.57142857142857
2013-09-02,26.857142857142858
2013-09-03,29.142857142857142
2013-09-04,31.428571428571427
2013-09-05,33.714285714285715
2013-09-06,36.0
2013-09-07,37.714285714285715
2013-09-08,39.42857142857143
2013-09-09,41.142857142857146
2013-09-10,42.857142857142854
2013-09-11,44.57142857142857
2013-09-12,46.285714285714285
2013-09-13,48.0
2013-09-14,49.285714285714285
2013-09-15,50.57142857142857
2013-09-16,51.857142857142854
2013-09-17,53.142857142857146
2013-09-18,54.42857142857143
2013-09-19,55.714285714285715
2013-09-20,57.0
2013-09-21,54.714285714285715
2013-09-22,52.42857142857143
2013-09-23,50.142857142857146
2013-09-24,47.85714285714286
2013-09-25,45.57142857142857
2013-09-26,43.285714285714285
2013-09-27,41.0
2013-09-28,40.0
2013-09-29,39.0
2013-09-30,38.0
2013-10-01,37.0
2013-10-02,36.0
2013-10-03,35.0
2013-10-04,34.0
2013-10-05,33.57142857142857
2013-10-06,33.142857142857146
2013-10-07,32.714285714285715
2013-10-08,32.285714285714285
2013-10-09,31.857142857142858
2013-10-10,31.428571428571427
2013-10-11,31.0
2013-10-12,34.57142857142857
2013-10-13,38.142857142857146
2013-10-14,41.714285714285715
2013-10-15,45.285714285714285
2013-10-16,48.85714285714286
2013-10-17,52.42857142857143
2013-10-18,56.0
2013-10-19,56.857142857142854
2013-10-20,57.714285714285715
2013-10-21,58.57142857142857
2013-10-22,59.42857142857143
2013-10-23,60.285714285714285
2013-10-24,61.142857142857146
2013-10-25,62.0
2013-10-26,62.714285714285715
2013-10-27,63.42857142857143
2013-10-28,64.14285714285714
2013-10-29,64.85714285714286
2013-10-30,65.57142857142857
2013-10-31,66.28571428571429
2013-11-01,67.0
2013-11-02,67.14285714285714
2013-11-03,67.28571428571429
2013-11-04,67.42857142857143
2013-11-05,67.57142857142857
2013-11-06,67.71428571428571
2013-11-07,67.85714285714286
2013-11-08,68.0
2013-11-09,68.42857142857143
2013-11-10,68.85714285714286
2013-11-11,69.28571428571429
2013-11-12,69.71428571428571
2013-11-13,70.14285714285714
2013-11-14,70.57142857142857
2013-11-15,71.0
2013-11-16,70.57142857142857
2013-11-17,70.14285714285714
2013-11-18,69.71428571428571
2013-11-19,69.28571428571429
2013-11-20,68.85714285714286
2013-11-21,68.42857142857143
2013-11-22,68.0
2013-11-23,68.28571428571429
2013-11-24,68.57142857142857
2013-11-25,68.85714285714286
2013-11-26,69.14285714285714
2013-11-27,69.42857142857143
2013-11-28,69.71428571428571
2013-11-29,70.0
2013-11-30,69.0
2013-12-01,68.0
2013-12-02,67.0
2013-12-03,66.0
2013-12-04,65.0
2013-12-05,64.0
2013-12-06,63.0
2013-12-07,59.42857142857143
2013-12-08,55.857142857142854
2013-12-09,52.285714285714285
2013-12-10,48.714285714285715
2013-12-11,45.14285714285714
2013-12-12,41.57142857142857
2013-12-13,38.0
2013-12-14,40.0
2013-12-15,42.0
2013-12-16,44.0
2013-12-17,46.0
2013-12-18,48.0
2013-12-19,50.0
2013-12-20,52.0
2013-12-21,54.857142857142854
2013-12-22,57.714285714285715
2013-12-23,60.57142857142857
2013-12-24,63.42857142857143
2013-12-25,66.28571428571429
2013-12-26,69.14285714285714
2013-12-27,72.0
2013-12-28,73.25
2013-12-29,74.5
2013-12-30,75.75
2013-12-31,77.0
2014-01-01,73.33333333333333
2014-01-02,69.66666666666667
2014-01-03,66.0
2014-01-04,66.0
2014-01-05,66.0
2014-01-06,66.0
2014-01-07,66.0
2014-01-08,66.0
2014-01-09,66.0
2014-01-10,66.0
2014-01-11,65.0
2014-01-12,64.0
2014-01-13,63.0
2014-01-14,62.0
2014-01-15,61.0
2014-01-16,60.0
2014-01-17,59.0
2014-01-18,54.42857142857143
2014-01-19,49.85714285714286
2014-01-20,45.285714285714285
2014-01-21,40.714285714285715
2014-01-22,36.142857142857146
2014-01-23,31.571428571428573
2014-01-24,27.0
2014-01-25,26.0
2014-01-26,25.0
2014-01-27,24.0
2014-01-28,23.0
2014-01-29,22.0
2014-01-30,21.0
2014-01-31,20.0
2014-02-01,20.285714285714285
2014-02-02,20.571428571428573
2014-02-03,20.857142857142858
2014-02-04,21.142857142857142
2014-02-05,21.428571428571427
2014-02-06,21.714285714285715
2014-02-07,22.0
2014-02-08,23.142857142857142
2014-02-09,24.285714285714285
2014-02-10,25.428571428571427
2014-02-11,26.57142857142857
2014-02-12,27.714285714285715
2014-02-13,28.857142857142858
2014-02-14,30.0
2014-02-15,32.57142857142857
2014-02-16,35.142857142857146
2014-02-17,37.714285714285715
2014-02-18,40.285714285714285
2014-02-19,42.85714285714286
2014-02-20,45.42857142857143
2014-02-21,48.0
2014-02-22,49.142857142857146
2014-02-23,50.285714285714285
2014-02-24,51.42857142857143
2014-02-25,52.57142857142857
2014-02-26,53.714285714285715
2014-02-27,54.857142857142854
2014-02-28,56.0
2014-03-01,59.57142857142857
2014-03-02,63.142857142857146
2014-03-03,66.71428571428571
2014-03-04,70.28571428571429
2014-03-05,73.85714285714286
2014-03-06,77.42857142857143
2014-03-07,81.0
2014-03-08,75.71428571428571
2014-03-09,70.42857142857143
2014-03-10,65.14285714285714
2014-03-11,59.85714285714286
2014-03-12,54.57142857142857
2014-03-13,49.285714285714285
2014-03-14,44.0
2014-03-15,45.714285714285715
2014-03-16,47.42857142857143
2014-03-17,49.142857142857146
2014-03-18,50.857142857142854
2014-03-19,52.57142857142857
2014-03-20,54.285714285714285
2014-03-21,56.0
2014-03-22,53.142857142857146
2014-03-23,50.285714285714285
2014-03-24,47.42857142857143
2014-03-25,44.57142857142857
2014-03-26,41.714285714285715
2014-03-27,38.857142857142854
2014-03-28,36.0
2014-03-29,37.857142857142854
2014-03-30,39.714285714285715
2014-03-31,41.57142857142857
2014-04-01,43.42857142857143
2014-04-02,45.285714285714285
2014-04-03,47.142857142857146
2014-04-04,49.0
2014-04-05,45.0
2014-04-06,41.0
2014-04-07,37.0
2014-04-08,33.0
2014-04-09,29.0
2014-04-10,25.0
2014-04-11,21.0
2014-04-12,22.166666666666668
2014-04-13,23.333333333333332
2014-04-14,24.5
2014-04-15,25.666666666666668
2014-04-16,26.833333333333332
2014-04-17,28.0
2014-04-18,28.875
2014-04-19,29.75
2014-04-20,30.625
2014-04-21,31.5
2014-04-22,32.375
2014-04-23,33.25
2014-04-24,34.125
2014-04-25,35.0
2014-04-26,34.57142857142857
2014-04-27,34.142857142857146
2014-04-28,33.714285714285715
2014-04-29,33.285714285714285
2014-04-30,32.857142857142854
2014-05-01,32.42857142857143
2014-05-02,32.0
2014-05-03,33.42857142857143
2014-05-04,34.857142857142854
2014-05-05,36.285714285714285
2014-05-06,37.714285714285715
2014-05-07,39.142857142857146
2014-05-08,40.57142857142857
2014-05-09,42.0
2014-05-10,40.0
2014-05-11,38.0
2014-05-12,36.0
2014-05-13,34.0
2014-05-14,32.0
2014-05-15,30.0
2014-05-16,28.0
2014-05-17,29.285714285714285
2014-05-18,30.571428571428573
2014-05-19,31.857142857142858
2014-05-20,33.142857142857146
2014-05-21,34.42857142857143
2014-05-22,35.714285714285715
2014-05-23,37.0
2014-05-24,38.142857142857146
2014-05-25,39.285714285714285
2014-05-26,40.42857142857143
2014-05-27,41.57142857142857
2014-05-28,42.714285714285715
2014-05-29,43.857142857142854
2014-05-30,45.0
2014-05-31,50.142857142857146
2014-06-01,55.285714285714285
2014-06-02,60.42857142857143
2014-06-03,65.57142857142857
2014-06-04,70.71428571428572
2014-06-05,75.85714285714286
2014-06-06,81.0
2014-06-07,81.57142857142857
2014-06-08,82.14285714285714
2014-06-09,82.71428571428571
2014-06-10,83.28571428571429
2014-06-11,83.85714285714286
2014-06-12,84.42857142857143
2014-06-13,85.0
2014-06-14,86.42857142857143
2014-06-15,87.85714285714286
2014-06-16,89.28571428571429
2014-06-17,90.71428571428571
2014-06-18,92.14285714285714
2014-06-19,93.57142857142857
2014-06-20,95.0
2014-06-21,92.28571428571429
2014-06-22,89.57142857142857
2014-06-23,86.85714285714286
2014-06-24,84.14285714285714
2014-06-25,81.42857142857143
2014-06-26,78.71428571428571
2014-06-27,76.0
2014-06-28,77.66666666666667
2014-06-29,79.33333333333333
2014-06-30,81.0
2014-07-01,82.66666666666667
2014-07-02,84.33333333333333
2014-07-03,86.0
2014-07-04,82.375
2014-07-05,78.75
2014-07-06,75.125
2014-07-07,71.5
2014-07-08,67.875
2014-07-09,64.25
2014-07-10,60.625
2014-07-11,57.0
2014-07-12,55.42857142857143
2014-07-13,53.857142857142854
2014-07-14,52.285714285714285
2014-07-15,50.714285714285715
2014-07-16,49.142857142857146
2014-07-17,47.57142857142857
2014-07-18,46.0
2014-07-19,44.285714285714285
2014-07-20,42.57142857142857
2014-07-21,40.857142857142854
2014-07-22,39.142857142857146
2014-07-23,37.42857142857143
2014-07-24,35.714285714285715
2014-07-25,34.0
2014-07-26,29.857142857142858
2014-07-27,25.714285714285715
2014-07-28,21.57142857142857
2014-07-29,17.428571428571427
2014-07-30,13.285714285714285
2014-07-31,9.14285714285714
2014-08-01,5.0
2014-08-02,5.714285714285714
2014-08-03,6.428571428571429
2014-08-04,7.142857142857143
2014-08-05,7.857142857142858
2014-08-06,8.571428571428571
2014-08-07,9.285714285714286
2014-08-08,10.0
2014-08-09,10.571428571428571
2014-08-10,11.142857142857142
2014-08-11,11.714285714285714
2014-08-12,12.285714285714285
2014-08-13,12.857142857142858
2014-08-14,13.428571428571429
2014-08-15,14.0
2014-08-16,17.285714285714285
2014-08-17,20.57142857142857
2014-08-18,23.857142857142858
2014-08-19,27.142857142857142
2014-08-20,30.428571428571427
2014-08-21,33.714285714285715
2014-08-22,37.0
2014-08-23,37.57142857142857
2014-08-24,38.142857142857146
2014-08-25,38.714285714285715
2014-08-26,39.285714285714285
2014-08-27,39.857142857142854
2014-08-28,40.42857142857143
2014-08-29,41.0
2014-08-30,42.285714285714285
2014-08-31,43.57142857142857
2014-09-01,44.857142857142854
2014-09-02,46.142857142857146
2014-09-03,47.42857142857143
2014-09-04,48.714285714285715
2014-09-05,50.0
2014-09-06,49.0
2014-09-07,48.0
2014-09-08,47.0
2014-09-09,46.0
2014-09-10,45.0
2014-09-11,44.0
2014-09-12,43.0
2014-09-13,42.0
2014-09-14,41.0
2014-09-15,40.0
2014-09-16,39.0
2014-09-17,38.0
2014-09-18,37.0
2014-09-19,36.0
2014-09-20,32.714285714285715
2014-09-21,29.42857142857143
2014-09-22,26.142857142857142
2014-09-23,22.857142857142858
2014-09-24,19.571428571428573
2014-09-25,16.285714285714285
2014-09-26,13.0
2014-09-27,11.857142857142858
2014-09-28,10.714285714285715
2014-09-29,9.571428571428571
2014-09-30,8.428571428571429
2014-10-01,7.2857142857142865
2014-10-02,6.142857142857143
2014-10-03,5.0
2014-10-04,4.428571428571429
2014-10-05,3.857142857142857
2014-10-06,3.2857142857142856
2014-10-07,2.7142857142857144
2014-10-08,2.1428571428571432
2014-10-09,1.5714285714285716
2014-10-10,1.0
2014-10-11,1.8571428571428572
2014-10-12,2.7142857142857144
2014-10-13,3.571428571428571
2014-10-14,4.428571428571429
2014-10-15,5.285714285714286
2014-10-16,6.142857142857142
2014-10-17,7.0
2014-10-18,7.857142857142857
2014-10-19,8.714285714285714
2014-10-20,9.571428571428571
2014-10-21,10.428571428571429
2014-10-22,11.285714285714285
2014-10-23,12.142857142857142
2014-10-24,13.0
2014-10-25,15.714285714285715
2014-10-26,18.42857142857143
2014-10-27,21.142857142857142
2014-10-28,23.857142857142858
2014-10-29,26.571428571428573
2014-10-30,29.285714285714285
2014-10-31,32.0
2014-11-01,35.285714285714285
2014-11-02,38.57142857142857
2014-11-03,41.857142857142854
2014-11-04,45.14285714285714
2014-11-05,48.42857142857143
2014-11-06,51.714285714285715
2014-11-07,55.0
2014-11-08,54.714285714285715
2014-11-09,54.42857142857143
2014-11-10,54.142857142857146
2014-11-11,53.857142857142854
2014-11-12,53.57142857142857
2014-11-13,53.285714285714285
2014-11-14,53.0
2014-11-15,53.857142857142854
2014-11-16,54.714285714285715
2014-11-17,55.57142857142857
2014-11-18,56.42857142857143
2014-11-19,57.285714285714285
2014-11-20,58.142857142857146
2014-11-21,59.0
2014-11-22,59.0
2014-11-23,59.0
2014-11-24,59.0
2014-11-25,59.0
2014-11-26,59.0
2014-11-27,59.0
2014-11-28,59.0
2014-11-29,59.285714285714285
2014-11-30,59.57142857142857
2014-12-01,59.857142857142854
2014-12-02,60.142857142857146
2014-12-03,60.42857142857143
2014-12-04,60.714285714285715
2014-12-05,61.0
2014-12-06,56.714285714285715
2014-12-07,52.42857142857143
2014-12-08,48.142857142857146
2014-12-09,43.85714285714286
2014-12-10,39.57142857142857
2014-12-11,35.285714285714285
2014-12-12,31.0
2014-12-13,31.285714285714285
2014-12-14,31.571428571428573
2014-12-15,31.857142857142858
2014-12-16,32.142857142857146
2014-12-17,32.42857142857143
2014-12-18,32.714285714285715
2014-12-19,33.0
2014-12-20,35.142857142857146
2014-12-21,37.285714285714285
2014-12-22,39.42857142857143
2014-12-23,41.57142857142857
2014-12-24,43.714285714285715
2014-12-25,45.857142857142854
2014-12-26,48.0
2014-12-27,47.4
2014-12-28,46.8
2014-12-29,46.2
2014-12-30,45.6
2014-12-31,45.0
2015-01-01,41.0
2015-01-02,37.0
2015-01-03,35.857142857142854
2015-01-04,34.714285714285715
2015-01-05,33.57142857142857
2015-01-06,32.42857142857143
2015-01-07,31.285714285714285
2015-01-08,30.142857142857142
2015-01-09,29.0
2015-01-10,28.571428571428573
2015-01-11,28.142857142857142
2015-01-12,27.714285714285715
2015-01-13,27.285714285714285
2015-01-14,26.857142857142858
2015-01-15,26.428571428571427
2015-01-16,26.0
2015-01-17,26.714285714285715
2015-01-18,27.428571428571427
2015-01-19,28.142857142857142
2015-01-20,28.857142857142858
2015-01-21,29.571428571428573
2015-01-22,30.285714285714285
2015-01-23,31.0
2015-01-24,30.142857142857142
2015-01-25,29.285714285714285
2015-01-26,28.428571428571427
2015-01-27,27.571428571428573
2015-01-28,26.714285714285715
2015-01-29,25.857142857142858
2015-01-30,25.0
2015-01-31,28.857142857142858
2015-02-01,32.714285714285715
2015-02-02,36.57142857142857
2015-02-03,40.42857142857143
2015-02-04,44.285714285714285
2015-02-05,48.142857142857146
2015-02-06,52.0
2015-02-07,55.0
2015-02-08,58.0
2015-02-09,61.0
2015-02-10,64.0
2015-02-11,67.0
2015-02-12,70.0
2015-02-13,73.0
2015-02-14,74.0
2015-02-15,75.0
2015-02-16,76.0
2015-02-17,77.0
2015-02-18,78.0
2015-02-19,79.0
2015-02-20,80.0
2015-02-21,79.14285714285714
2015-02-22,78.28571428571429
2015-02-23,77.42857142857143
2015-02-24,76.57142857142857
2015-02-25,75.71428571428571
2015-02-26,74.85714285714286
2015-02-27,74.0
2015-02-28,71.71428571428571
2015-03-01,69.42857142857143
2015-03-02,67.14285714285714
2015-03-03,64.85714285714286
2015-03-04,62.57142857142857
2015-03-05,60.285714285714285
2015-03-06,58.0
2015-03-07,55.285714285714285
2015-03-08,52.57142857142857
2015-03-09,49.857142857142854
2015-03-10,47.14285714285714
2015-03-11,44.42857142857143
2015-03-12,41.714285714285715
2015-03-13,39.0
2015-03-14,39.57142857142857
2015-03-15,40.142857142857146
2015-03-16,40.714285714285715
2015-03-17,41.285714285714285
2015-03-18,41.857142857142854
2015-03-19,42.42857142857143
2015-03-20,43.0
2015-03-21,42.0
2015-03-22,41.0
2015-03-23,40.0
2015-03-24,39.0
2015-03-25,38.0
2015-03-26,37.0
2015-03-27,36.0
2015-03-28,36.666666666666664
2015-03-29,37.333333333333336
2015-03-30,38.0
2015-03-31,38.666666666666664
2015-04-01,39.333333333333336
2015-04-02,40.0
2015-04-03,42.0
2015-04-04,44.0
2015-04-05,46.0
2015-04-06,48.0
2015-04-07,50.0
2015-04-08,52.0
2015-04-09,54.0
2015-04-10,56.0
2015-04-11,56.142857142857146
2015-04-12,56.285714285714285
2015-04-13,56.42857142857143
2015-04-14,56.57142857142857
2015-04-15,56.714285714285715
2015-04-16,56.857142857142854
2015-04-17,57.0
2015-04-18,58.285714285714285
2015-04-19,59.57142857142857
2015-04-20,60.857142857142854
2015-04-21,62.142857142857146
2015-04-22,63.42857142857143
2015-04-23,64.71428571428571
2015-04-24,66.0
2015-04-25,65.28571428571429
2015-04-26,64.57142857142857
2015-04-27,63.857142857142854
2015-04-28,63.142857142857146
2015-04-29,62.42857142857143
2015-04-30,61.714285714285715
2015-05-01,61.0
2015-05-02,60.57142857142857
2015-05-03,60.142857142857146
2015-05-04,59.714285714285715
2015-05-05,59.285714285714285
2015-05-06,58.857142857142854
2015-05-07,58.42857142857143
2015-05-08,58.0
2015-05-09,57.857142857142854
2015-05-10,57.714285714285715
2015-05-11,57.57142857142857
2015-05-12,57.42857142857143
2015-05-13,57.285714285714285
2015-05-14,57.142857142857146
2015-05-15,57.0
2015-05-16,57.42857142857143
2015-05-17,57.857142857142854
2015-05-18,58.285714285714285
2015-05-19,58.714285714285715
2015-05-20,59.142857142857146
2015-05-21,59.57142857142857
2015-05-22,60.0
2015-05-23,57.57142857142857
2015-05-24,55.142857142857146
2015-05-25,52.714285714285715
2015-05-26,50.285714285714285
2015-05-27,47.85714285714286
2015-05-28,45.42857142857143
2015-05-29,43.0
2015-05-30,42.57142857142857
2015-05-31,42.142857142857146
2015-06-01,41.714285714285715
2015-06-02,41.285714285714285
2015-06-03,40.857142857142854
2015-06-04,40.42857142857143
2015-06-05,40.0
2015-06-06,38.57142857142857
2015-06-07,37.142857142857146
2015-06-08,35.714285714285715
2015-06-09,34.285714285714285
2015-06-10,32.857142857142854
2015-06-11,31.428571428571427
2015-06-12,30.0
2015-06-13,30.0
2015-06-14,30.0
2015-06-15,30.0
2015-06-16,30.0
2015-06-17,30.0
2015-06-18,30.0
2015-06-19,30.0
2015-06-20,30.428571428571427
2015-06-21,30.857142857142858
2015-06-22,31.285714285714285
2015-06-23,31.714285714285715
2015-06-24,32.142857142857146
2015-06-25,32.57142857142857
2015-06-26,33.0
2015-06-27,30.166666666666668
2015-06-28,27.333333333333332
2015-06-29,24.5
2015-06-30,21.666666666666664
2015-07-01,18.833333333333332
2015-07-02,16.0
2015-07-03,15.75
2015-07-04,15.5
2015-07-05,15.25
2015-07-06,15.0
2015-07-07,14.75
2015-07-08,14.5
2015-07-09,14.25
2015-07-10,14.0
2015-07-11,16.857142857142858
2015-07-12,19.714285714285715
2015-07-13,22.571428571428573
2015-07-14,25.42857142857143
2015-07-15,28.285714285714285
2015-07-16,31.142857142857142
2015-07-17,34.0
2015-07-18,31.285714285714285
2015-07-19,28.57142857142857
2015-07-20,25.857142857142858
2015-07-21,23.142857142857142
2015-07-22,20.428571428571427
2015-07-23,17.714285714285715
2015-07-24,15.0
2015-07-25,15.714285714285714
2015-07-26,16.428571428571427
2015-07-27,17.142857142857142
2015-07-28,17.857142857142858
2015-07-29,18.571428571428573
2015-07-30,19.285714285714285
2015-07-31,20.0
2015-08-01,18.571428571428573
2015-08-02,17.142857142857142
2015-08-03,15.714285714285714
2015-08-04,14.285714285714285
2015-08-05,12.857142857142858
2015-08-06,11.428571428571429
2015-08-07,10.0
2015-08-08,10.142857142857142
2015-08-09,10.285714285714286
2015-08-10,10.428571428571429
2015-08-11,10.571428571428571
2015-08-12,10.714285714285714
2015-08-13,10.857142857142858
2015-08-14,11.0
2015-08-15,10.571428571428571
2015-08-16,10.142857142857142
2015-08-17,9.714285714285714
2015-08-18,9.285714285714286
2015-08-19,8.857142857142858
2015-08-20,8.428571428571429
2015-08-21,8.0
2015-08-22,8.857142857142858
2015-08-23,9.714285714285714
2015-08-24,10.571428571428571
2015-08-25,11.428571428571429
2015-08-26,12.285714285714285
2015-08-27,13.142857142857142
2015-08-28,14.0
2015-08-29,13.428571428571429
2015-08-30,12.857142857142858
2015-08-31,12.285714285714286
2015-09-01,11.714285714285715
2015-09-02,11.142857142857142
2015-09-03,10.571428571428571
2015-09-04,10.0
2015-09-05,10.571428571428571
2015-09-06,11.142857142857142
2015-09-07,11.714285714285714
2015-09-08,12.285714285714285
2015-09-09,12.857142857142858
2015-09-10,13.428571428571429
2015-09-11,14.0
2015-09-12,14.571428571428571
2015-09-13,15.142857142857142
2015-09-14,15.714285714285714
2015-09-15,16.285714285714285
2015-09-16,16.857142857142858
2015-09-17,17.428571428571427
2015-09-18,18.0
2015-09-19,18.0
2015-09-20,18.0
2015-09-21,18.0
2015-09-22,18.0
2015-09-23,18.0
2015-09-24,18.0
2015-09-25,18.0
2015-09-26,18.857142857142858
2015-09-27,19.714285714285715
2015-09-28,20.571428571428573
2015-09-29,21.428571428571427
2015-09-30,22.285714285714285
2015-10-01,23.142857142857142
2015-10-02,24.0
2015-10-03,26.714285714285715
2015-10-04,29.42857142857143
2015-10-05,32.142857142857146
2015-10-06,34.85714285714286
2015-10-07,37.57142857142857
2015-10-08,40.285714285714285
2015-10-09,43.0
2015-10-10,43.285714285714285
2015-10-11,43.57142857142857
2015-10-12,43.857142857142854
2015-10-13,44.142857142857146
2015-10-14,44.42857142857143
2015-10-15,44.714285714285715
2015-10-16,45.0
2015-10-17,47.0
2015-10-18,49.0
2015-10-19,51.0
2015-10-20,53.0
2015-10-21,55.0
2015-10-22,57.0
2015-10-23,59.0
2015-10-24,60.57142857142857
2015-10-25,62.142857142857146
2015-10-26,63.714285714285715
2015-10-27,65.28571428571429
2015-10-28,66.85714285714286
2015-10-29,68.42857142857143
2015-10-30,70.0
2015-10-31,70.14285714285714
2015-11-01,70.28571428571429
2015-11-02,70.42857142857143
2015-11-03,70.57142857142857
2015-11-04,70.71428571428571
2015-11-05,70.85714285714286
2015-11-06,71.0
2015-11-07,67.28571428571429
2015-11-08,63.57142857142857
2015-11-09,59.857142857142854
2015-11-10,56.14285714285714
2015-11-11,52.42857142857143
2015-11-12,48.714285714285715
2015-11-13,45.0
2015-11-14,46.285714285714285
2015-11-15,47.57142857142857
2015-11-16,48.857142857142854
2015-11-17,50.142857142857146
2015-11-18,51.42857142857143
2015-11-19,52.714285714285715
2015-11-20,54.0
2015-11-21,54.57142857142857
2015-11-22,55.142857142857146
2015-11-23,55.714285714285715
2015-11-24,56.285714285714285
2015-11-25,56.857142857142854
2015-11-26,57.42857142857143
2015-11-27,58.0
2015-11-28,58.0
2015-11-29,58.0
2015-11-30,58.0
2015-12-01,58.0
2015-12-02,58.0
2015-12-03,58.0
2015-12-04,58.0
2015-12-05,53.142857142857146
2015-12-06,48.285714285714285
2015-12-07,43.42857142857143
2015-12-08,38.57142857142857
2015-12-09,33.714285714285715
2015-12-10,28.85714285714286
2015-12-11,24.0
2015-12-12,24.714285714285715
2015-12-13,25.428571428571427
2015-12-14,26.142857142857142
2015-12-15,26.857142857142858
2015-12-16,27.571428571428573
2015-12-17,28.285714285714285
2015-12-18,29.0
2015-12-19,31.166666666666668
2015-12-20,33.333333333333336
2015-12-21,35.5
2015-12-22,37.666666666666664
2015-12-23,39.833333333333336
2015-12-24,42.0
2015-12-25,42.42857142857143
2015-12-26,42.857142857142854
2015-12-27,43.285714285714285
2015-12-28,43.714285714285715
2015-12-29,44.142857142857146
2015-12-30,44.57142857142857
2015-12-31,45.0
2016-01-01,41.5
2016-01-02,38.0
2016-01-03,34.5
2016-01-04,31.0
2016-01-05,27.5
2016-01-06,24.0
2016-01-07,20.5
2016-01-08,17.0
2016-01-09,16.0
2016-01-10,15.0
2016-01-11,14.0
2016-01-12,13.0
2016-01-13,12.0
2016-01-14,11.0
2016-01-15,10.0
2016-01-16,10.571428571428571
2016-01-17,11.142857142857142
2016-01-18,11.714285714285714
2016-01-19,12.285714285714285
2016-01-20,12.857142857142858
2016-01-21,13.428571428571429
2016-01-22,14.0
2016-01-23,15.857142857142858
2016-01-24,17.714285714285715
2016-01-25,19.571428571428573
2016-01-26,21.42857142857143
2016-01-27,23.285714285714285
2016-01-28,25.142857142857142
2016-01-29,27.0
2016-01-30,25.571428571428573
2016-01-31,24.142857142857142
2016-02-01,22.714285714285715
2016-02-02,21.285714285714285
2016-02-03,19.857142857142858
2016-02-04,18.428571428571427
2016-02-05,17.0
2016-02-06,18.0
2016-02-07,19.0
2016-02-08,20.0
2016-02-09,21.0
2016-02-10,22.0
2016-02-11,23.0
2016-02-12,24.0
2016-02-13,27.714285714285715
2016-02-14,31.42857142857143
2016-02-15,35.142857142857146
2016-02-16,38.85714285714286
2016-02-17,42.57142857142857
2016-02-18,46.285714285714285
2016-02-19,50.0
2016-02-20,51.0
2016-02-21,52.0
2016-02-22,53.0
2016-02-23,54.0
2016-02-24,55.0
2016-02-25,56.0
2016-02-26,57.0
2016-02-27,59.0
2016-02-28,61.0
2016-02-29,63.0
2016-03-01,65.0
2016-03-02,67.0
2016-03-03,69.0
2016-03-04,71.0
2016-03-05,71.57142857142857
2016-03-06,72.14285714285714
2016-03-07,72.71428571428571
2016-03-08,73.28571428571429
2016-03-09,73.85714285714286
2016-03-10,74.42857142857143
2016-03-11,75.0
2016-03-12,75.57142857142857
2016-03-13,76.14285714285714
2016-03-14,76.71428571428571
2016-03-15,77.28571428571429
2016-03-16,77.85714285714286
2016-03-17,78.42857142857143
2016-03-18,79.0
2016-03-19,76.83333333333333
2016-03-20,74.66666666666667
2016-03-21,72.5
2016-03-22,70.33333333333333
2016-03-23,68.16666666666667
2016-03-24,66.0
2016-03-25,67.5
2016-03-26,69.0
2016-03-27,70.5
2016-03-28,72.0
2016-03-29,73.5
2016-03-30,75.0
2016-03-31,76.5
2016-04-01,78.0
2016-04-02,76.57142857142857
2016-04-03,75.14285714285714
2016-04-04,73.71428571428571
2016-04-05,72.28571428571429
2016-04-06,70.85714285714286
2016-04-07,69.42857142857143
2016-04-08,68.0
2016-04-09,68.28571428571429
2016-04-10,68.57142857142857
2016-04-11,68.85714285714286
2016-04-12,69.14285714285714
2016-04-13,69.42857142857143
2016-04-14,69.71428571428571
2016-04-15,70.0
2016-04-16,70.57142857142857
2016-04-17,71.14285714285714
2016-04-18,71.71428571428571
2016-04-19,72.28571428571429
2016-04-20,72.85714285714286
2016-04-21,73.42857142857143
2016-04-22,74.0
2016-04-23,72.42857142857143
2016-04-24,70.85714285714286
2016-04-25,69.28571428571429
2016-04-26,67.71428571428571
2016-04-27,66.14285714285714
2016-04-28,64.57142857142857
2016-04-29,63.0
2016-04-30,62.714285714285715
2016-05-01,62.42857142857143
2016-05-02,62.142857142857146
2016-05-03,61.857142857142854
2016-05-04,61.57142857142857
2016-05-05,61.285714285714285
2016-05-06,61.0
2016-05-07,60.0
2016-05-08,59.0
2016-05-09,58.0
2016-05-10,57.0
2016-05-11,56.0
2016-05-12,55.0
2016-05-13,54.0
2016-05-14,54.285714285714285
2016-05-15,54.57142857142857
2016-05-16,54.857142857142854
2016-05-17,55.142857142857146
2016-05-18,55.42857142857143
2016-05-19,55.714285714285715
2016-05-20,56.0
2016-05-21,59.142857142857146
2016-05-22,62.285714285714285
2016-05-23,65.42857142857143
2016-05-24,68.57142857142857
2016-05-25,71.71428571428571
2016-05-26,74.85714285714286
2016-05-27,78.0
2016-05-28,77.57142857142857
2016-05-29,77.14285714285714
2016-05-30,76.71428571428571
2016-05-31,76.28571428571429
2016-06-01,75.85714285714286
2016-06-02,75.42857142857143
2016-06-03,75.0
2016-06-04,73.0
2016-06-05,71.0
2016-06-06,69.0
2016-06-07,67.0
2016-06-08,65.0
2016-06-09,63.0
2016-06-10,61.0
2016-06-11,59.857142857142854
2016-06-12,58.714285714285715
2016-06-13,57.57142857142857
2016-06-14,56.42857142857143
2016-06-15,55.285714285714285
2016-06-16,54.142857142857146
2016-06-17,53.0
2016-06-18,51.42857142857143
2016-06-19,49.857142857142854
2016-06-20,48.285714285714285
2016-06-21,46.714285714285715
2016-06-22,45.142857142857146
2016-06-23,43.57142857142857
2016-06-24,42.0
2016-06-25,46.142857142857146
2016-06-26,50.285714285714285
2016-06-27,54.42857142857143
2016-06-28,58.57142857142857
2016-06-29,62.714285714285715
2016-06-30,66.85714285714286
2016-07-01,71.0
2016-07-02,72.0
2016-07-03,73.0
2016-07-04,74.0
2016-07-05,75.0
2016-07-06,76.0
2016-07-07,77.0
2016-07-08,78.0
2016-07-09,79.57142857142857
2016-07-10,81.14285714285714
2016-07-11,82.71428571428571
2016-07-12,84.28571428571429
2016-07-13,85.85714285714286
2016-07-14,87.42857142857143
2016-07-15,89.0
2016-07-16,88.57142857142857
2016-07-17,88.14285714285714
2016-07-18,87.71428571428571
2016-07-19,87.28571428571429
2016-07-20,86.85714285714286
2016-07-21,86.42857142857143
2016-07-22,86.0
2016-07-23,85.0
2016-07-24,84.0
2016-07-25,83.0
2016-07-26,82.0
2016-07-27,81.0
2016-07-28,80.0
2016-07-29,79.0
2016-07-30,80.0
2016-07-31,81.0
2016-08-01,82.0
2016-08-02,83.0
2016-08-03,84.0
2016-08-04,85.0
2016-08-05,86.0
2016-08-06,84.42857142857143
2016-08-07,82.85714285714286
2016-08-08,81.28571428571429
2016-08-09,79.71428571428571
2016-08-10,78.14285714285714
2016-08-11,76.57142857142857
2016-08-12,75.0
2016-08-13,75.28571428571429
2016-08-14,75.57142857142857
2016-08-15,75.85714285714286
2016-08-16,76.14285714285714
2016-08-17,76.42857142857143
2016-08-18,76.71428571428571
2016-08-19,77.0
2016-08-20,75.0
2016-08-21,73.0
2016-08-22,71.0
2016-08-23,69.0
2016-08-24,67.0
2016-08-25,65.0
2016-08-26,63.0
2016-08-27,63.285714285714285
2016-08-28,63.57142857142857
2016-08-29,63.857142857142854
2016-08-30,64.14285714285714
2016-08-31,64.42857142857143
2016-09-01,64.71428571428571
2016-09-02,65.0
2016-09-03,61.857142857142854
2016-09-04,58.714285714285715
2016-09-05,55.57142857142857
2016-09-06,52.42857142857143
2016-09-07,49.285714285714285
2016-09-08,46.142857142857146
2016-09-09,43.0
2016-09-10,43.0
2016-09-11,43.0
2016-09-12,43.0
2016-09-13,43.0
2016-09-14,43.0
2016-09-15,43.0
2016-09-16,43.0
2016-09-17,44.57142857142857
2016-09-18,46.142857142857146
2016-09-19,47.714285714285715
2016-09-20,49.285714285714285
2016-09-21,50.857142857142854
2016-09-22,52.42857142857143
2016-09-23,54.0
2016-09-24,53.285714285714285
2016-09-25,52.57142857142857
2016-09-26,51.857142857142854
2016-09-27,51.142857142857146
2016-09-28,50.42857142857143
2016-09-29,49.714285714285715
2016-09-30,49.0
2016-10-01,49.285714285714285
2016-10-02,49.57142857142857
2016-10-03,49.857142857142854
2016-10-04,50.142857142857146
2016-10-05,50.42857142857143
2016-10-06,50.714285714285715
2016-10-07,51.0
2016-10-08,49.57142857142857
2016-10-09,48.142857142857146
2016-10-10,46.714285714285715
2016-10-11,45.285714285714285
2016-10-12,43.857142857142854
2016-10-13,42.42857142857143
2016-10-14,41.0
2016-10-15,41.285714285714285
2016-10-16,41.57142857142857
2016-10-17,41.857142857142854
2016-10-18,42.142857142857146
2016-10-19,42.42857142857143
2016-10-20,42.714285714285715
2016-10-21,43.0
2016-10-22,41.42857142857143
2016-10-23,39.857142857142854
2016-10-24,38.285714285714285
2016-10-25,36.714285714285715
2016-10-26,35.142857142857146
2016-10-27,33.57142857142857
2016-10-28,32.0
2016-10-29,29.428571428571427
2016-10-30,26.857142857142858
2016-10-31,24.285714285714285
2016-11-01,21.714285714285715
2016-11-02,19.142857142857142
2016-11-03,16.57142857142857
2016-11-04,14.0
2016-11-05,18.857142857142858
2016-11-06,23.714285714285715
2016-11-07,28.57142857142857
2016-11-08,33.42857142857143
2016-11-09,38.285714285714285
2016-11-10,43.14285714285714
2016-11-11,48.0
2016-11-12,49.857142857142854
2016-11-13,51.714285714285715
2016-11-14,53.57142857142857
2016-11-15,55.42857142857143
2016-11-16,57.285714285714285
2016-11-17,59.142857142857146
2016-11-18,61.0
2016-11-19,62.57142857142857
2016-11-20,64.14285714285714
2016-11-21,65.71428571428571
2016-11-22,67.28571428571429
2016-11-23,68.85714285714286
2016-11-24,70.42857142857143
2016-11-25,72.0
2016-11-26,71.85714285714286
2016-11-27,71.71428571428571
2016-11-28,71.57142857142857
2016-11-29,71.42857142857143
2016-11-30,71.28571428571429
2016-12-01,71.14285714285714
2016-12-02,71.0
2016-12-03,73.28571428571429
2016-12-04,75.57142857142857
2016-12-05,77.85714285714286
2016-12-06,80.14285714285714
2016-12-07,82.42857142857143
2016-12-08,84.71428571428571
2016-12-09,87.0
2016-12-10,86.57142857142857
2016-12-11,86.14285714285714
2016-12-12,85.71428571428571
2016-12-13,85.28571428571429
2016-12-14,84.85714285714286
2016-12-15,84.42857142857143
2016-12-16,84.0
2016-12-17,81.42857142857143
2016-12-18,78.85714285714286
2016-12-19,76.28571428571429
2016-12-20,73.71428571428571
2016-12-21,71.14285714285714
2016-12-22,68.57142857142857
2016-12-23,66.0
2016-12-24,64.85714285714286
2016-12-25,63.714285714285715
2016-12-26,62.57142857142857
2016-12-27,61.42857142857143
2016-12-28,60.285714285714285
2016-12-29,59.142857142857146
2016-12-30,58.0
2016-12-31,59.714285714285715
2017-01-01,61.42857142857143
2017-01-02,63.142857142857146
2017-01-03,64.85714285714286
2017-01-04,66.57142857142857
2017-01-05,68.28571428571429
2017-01-06,70.0
2017-01-07,68.14285714285714
2017-01-08,66.28571428571429
2017-01-09,64.42857142857143
2017-01-10,62.57142857142857
2017-01-11,60.714285714285715
2017-01-12,58.857142857142854
2017-01-13,57.0
2017-01-14,56.57142857142857
2017-01-15,56.142857142857146
2017-01-16,55.714285714285715
2017-01-17,55.285714285714285
2017-01-18,54.857142857142854
2017-01-19,54.42857142857143
2017-01-20,54.0
2017-01-21,54.714285714285715
2017-01-22,55.42857142857143
2017-01-23,56.142857142857146
2017-01-24,56.857142857142854
2017-01-25,57.57142857142857
2017-01-26,58.285714285714285
2017-01-27,59.0
2017-01-28,59.142857142857146
2017-01-29,59.285714285714285
2017-01-30,59.42857142857143
2017-01-31,59.57142857142857
2017-02-01,59.714285714285715
2017-02-02,59.857142857142854
2017-02-03,60.0
2017-02-04,61.285714285714285
2017-02-05,62.57142857142857
2017-02-06,63.857142857142854
2017-02-07,65.14285714285714
2017-02-08,66.42857142857143
2017-02-09,67.71428571428571
2017-02-10,69.0
2017-02-11,70.14285714285714
2017-02-12,71.28571428571429
2017-02-13,72.42857142857143
2017-02-14,73.57142857142857
2017-02-15,74.71428571428571
2017-02-16,75.85714285714286
2017-02-17,77.0
2017-02-18,75.71428571428571
2017-02-19,74.42857142857143
2017-02-20,73.14285714285714
2017-02-21,71.85714285714286
2017-02-22,70.57142857142857
2017-02-23,69.28571428571429
2017-02-24,68.0
2017-02-25,68.85714285714286
2017-02-26,69.71428571428571
2017-02-27,70.57142857142857
2017-02-28,71.42857142857143
2017-03-01,72.28571428571429
2017-03-02,73.14285714285714
2017-03-03,74.0
2017-03-04,72.85714285714286
2017-03-05,71.71428571428571
2017-03-06,70.57142857142857
2017-03-07,69.42857142857143
2017-03-08,68.28571428571429
2017-03-09,67.14285714285714
2017-03-10,66.0
2017-03-11,63.0
2017-03-12,60.0
2017-03-13,57.0
2017-03-14,54.0
2017-03-15,51.0
2017-03-16,48.0
2017-03-17,45.0
2017-03-18,42.857142857142854
2017-03-19,40.714285714285715
2017-03-20,38.57142857142857
2017-03-21,36.42857142857143
2017-03-22,34.285714285714285
2017-03-23,32.142857142857146
2017-03-24,30.0
2017-03-25,32.42857142857143
2017-03-26,34.857142857142854
2017-03-27,37.285714285714285
2017-03-28,39.714285714285715
2017-03-29,42.14285714285714
2017-03-30,44.57142857142857
2017-03-31,47.0
2017-04-01,46.0
2017-04-02,45.0
2017-04-03,44.0
2017-04-04,43.0
2017-04-05,42.0
2017-04-06,41.0
2017-04-07,40.0
2017-04-08,37.5
2017-04-09,35.0
2017-04-10,32.5
2017-04-11,30.0
2017-04-12,27.5
2017-04-13,25.0
2017-04-14,26.25
2017-04-15,27.5
2017-04-16,28.75
2017-04-17,30.0
2017-04-18,31.25
2017-04-19,32.5
2017-04-20,33.75
2017-04-21,35.0
2017-04-22,37.142857142857146
2017-04-23,39.285714285714285
2017-04-24,41.42857142857143
2017-04-25,43.57142857142857
2017-04-26,45.714285714285715
2017-04-27,47.857142857142854
2017-04-28,50.0
2017-04-29,49.57142857142857
2017-04-30,49.142857142857146
2017-05-01,48.714285714285715
2017-05-02,48.285714285714285
2017-05-03,47.857142857142854
2017-05-04,47.42857142857143
2017-05-05,47.0
2017-05-06,49.142857142857146
2017-05-07,51.285714285714285
2017-05-08,53.42857142857143
2017-05-09,55.57142857142857
2017-05-10,57.714285714285715
2017-05-11,59.857142857142854
2017-05-12,62.0
2017-05-13,60.142857142857146
2017-05-14,58.285714285714285
2017-05-15,56.42857142857143
2017-05-16,54.57142857142857
2017-05-17,52.714285714285715
2017-05-18,50.857142857142854
2017-05-19,49.0
2017-05-20,50.285714285714285
2017-05-21,51.57142857142857
2017-05-22,52.857142857142854
2017-05-23,54.142857142857146
2017-05-24,55.42857142857143
2017-05-25,56.714285714285715
2017-05-26,58.0
2017-05-27,57.857142857142854
2017-05-28,57.714285714285715
2017-05-29,57.57142857142857
2017-05-30,57.42857142857143
2017-05-31,57.285714285714285
2017-06-01,57.142857142857146
2017-06-02,57.0
2017-06-03,56.57142857142857
2017-06-04,56.142857142857146
2017-06-05,55.714285714285715
2017-06-06,55.285714285714285
2017-06-07,54.857142857142854
2017-06-08,54.42857142857143
2017-06-09,54.0
2017-06-10,53.42857142857143
2017-06-11,52.857142857142854
2017-06-12,52.285714285714285
2017-06-13,51.714285714285715
2017-06-14,51.142857142857146
2017-06-15,50.57142857142857
2017-06-16,50.0
2017-06-17,50.285714285714285
2017-06-18,50.57142857142857
2017-06-19,50.857142857142854
2017-06-20,51.142857142857146
2017-06-21,51.42857142857143
2017-06-22,51.714285714285715
2017-06-23,52.0
2017-06-24,51.57142857142857
2017-06-25,51.142857142857146
2017-06-26,50.714285714285715
2017-06-27,50.285714285714285
2017-06-28,49.857142857142854
2017-06-29,49.42857142857143
2017-06-30,49.0
2017-07-01,49.0
2017-07-02,49.0
2017-07-03,49.0
2017-07-04,49.0
2017-07-05,49.0
2017-07-06,49.0
2017-07-07,49.0
2017-07-08,51.142857142857146
2017-07-09,53.285714285714285
2017-07-10,55.42857142857143
2017-07-11,57.57142857142857
2017-07-12,59.714285714285715
2017-07-13,61.857142857142854
2017-07-14,64.0
2017-07-15,65.28571428571429
2017-07-16,66.57142857142857
2017-07-17,67.85714285714286
2017-07-18,69.14285714285714
2017-07-19,70.42857142857143
2017-07-20,71.71428571428571
2017-07-21,73.0
2017-07-22,72.57142857142857
2017-07-23,72.14285714285714
2017-07-24,71.71428571428571
2017-07-25,71.28571428571429
2017-07-26,70.85714285714286
2017-07-27,70.42857142857143
2017-07-28,70.0
2017-07-29,69.14285714285714
2017-07-30,68.28571428571429
2017-07-31,67.42857142857143
2017-08-01,66.57142857142857
2017-08-02,65.71428571428571
2017-08-03,64.85714285714286
2017-08-04,64.0
2017-08-05,58.857142857142854
2017-08-06,53.714285714285715
2017-08-07,48.57142857142857
2017-08-08,43.42857142857143
2017-08-09,38.285714285714285
2017-08-10,33.14285714285714
2017-08-11,28.0
2017-08-12,26.428571428571427
2017-08-13,24.857142857142858
2017-08-14,23.285714285714285
2017-08-15,21.714285714285715
2017-08-16,20.142857142857142
2017-08-17,18.571428571428573
2017-08-18,17.0
2017-08-19,18.428571428571427
2017-08-20,19.857142857142858
2017-08-21,21.285714285714285
2017-08-22,22.714285714285715
2017-08-23,24.142857142857142
2017-08-24,25.571428571428573
2017-08-25,27.0
2017-08-26,30.285714285714285
2017-08-27,33.57142857142857
2017-08-28,36.857142857142854
2017-08-29,40.14285714285714
2017-08-30,43.42857142857143
2017-08-31,46.714285714285715
2017-09-01,50.0
2017-09-02,48.285714285714285
2017-09-03,46.57142857142857
2017-09-04,44.857142857142854
2017-09-05,43.142857142857146
2017-09-06,41.42857142857143
2017-09-07,39.714285714285715
2017-09-08,38.0
2017-09-09,43.57142857142857
2017-09-10,49.14285714285714
2017-09-11,54.714285714285715
2017-09-12,60.285714285714285
2017-09-13,65.85714285714286
2017-09-14,71.42857142857143
2017-09-15,77.0
2017-09-16,76.0
2017-09-17,75.0
2017-09-18,74.0
2017-09-19,73.0
2017-09-20,72.0
2017-09-21,71.0
2017-09-22,70.0
2017-09-23,72.14285714285714
2017-09-24,74.28571428571429
2017-09-25,76.42857142857143
2017-09-26,78.57142857142857
2017-09-27,80.71428571428571
2017-09-28,82.85714285714286
2017-09-29,85.0
2017-09-30,86.0
2017-10-01,87.0
2017-10-02,88.0
2017-10-03,89.0
2017-10-04,90.0
2017-10-05,91.0
2017-10-06,92.0
2017-10-07,89.28571428571429
2017-10-08,86.57142857142857
2017-10-09,83.85714285714286
2017-10-10,81.14285714285714
2017-10-11,78.42857142857143
2017-10-12,75.71428571428571
2017-10-13,73.0
2017-10-14,75.42857142857143
2017-10-15,77.85714285714286
2017-10-16,80.28571428571429
2017-10-17,82.71428571428571
2017-10-18,85.14285714285714
2017-10-19,87.57142857142857
2017-10-20,90.0
2017-10-21,87.57142857142857
2017-10-22,85.14285714285714
2017-10-23,82.71428571428571
2017-10-24,80.28571428571429
2017-10-25,77.85714285714286
2017-10-26,75.42857142857143
2017-10-27,73.0
2017-10-28,72.0
2017-10-29,71.0
2017-10-30,70.0
2017-10-31,69.0
2017-11-01,68.0
2017-11-02,67.0
2017-11-03,66.0
2017-11-04,64.28571428571429
2017-11-05,62.57142857142857
2017-11-06,60.857142857142854
2017-11-07,59.142857142857146
2017-11-08,57.42857142857143
2017-11-09,55.714285714285715
2017-11-10,54.0
2017-11-11,52.57142857142857
2017-11-12,51.142857142857146
2017-11-13,49.714285714285715
2017-11-14,48.285714285714285
2017-11-15,46.857142857142854
2017-11-16,45.42857142857143
2017-11-17,44.0
2017-11-18,46.142857142857146
2017-11-19,48.285714285714285
2017-11-20,50.42857142857143
2017-11-21,52.57142857142857
2017-11-22,54.714285714285715
2017-11-23,56.857142857142854
2017-11-24,59.0
2017-11-25,60.57142857142857
2017-11-26,62.142857142857146
2017-11-27,63.714285714285715
2017-11-28,65.28571428571429
2017-11-29,66.85714285714286
2017-11-30,68.42857142857143
2017-12-01,70.0
2017-12-02,69.14285714285714
2017-12-03,68.28571428571429
2017-12-04,67.42857142857143
2017-12-05,66.57142857142857
2017-12-06,65.71428571428571
2017-12-07,64.85714285714286
2017-12-08,64.0
2017-12-09,64.57142857142857
2017-12-10,65.14285714285714
2017-12-11,65.71428571428571
2017-12-12,66.28571428571429
2017-12-13,66.85714285714286
2017-12-14,67.42857142857143
2017-12-15,68.0
2017-12-16,67.71428571428571
2017-12-17,67.42857142857143
2017-12-18,67.14285714285714
2017-12-19,66.85714285714286
2017-12-20,66.57142857142857
2017-12-21,66.28571428571429
2017-12-22,66.0
2017-12-23,64.14285714285714
2017-12-24,62.285714285714285
2017-12-25,60.42857142857143
2017-12-26,58.57142857142857
2017-12-27,56.714285714285715
2017-12-28,54.857142857142854
2017-12-29,53.0
2017-12-30,56.142857142857146
2017-12-31,59.285714285714285
2018-01-01,62.42857142857143
2018-01-02,65.57142857142857
2018-01-03,68.71428571428571
2018-01-04,71.85714285714286
2018-01-05,75.0
2018-01-06,75.57142857142857
2018-01-07,76.14285714285714
2018-01-08,76.71428571428571
2018-01-09,77.28571428571429
2018-01-10,77.85714285714286
2018-01-11,78.42857142857143
2018-01-12,79.0
2018-01-13,79.14285714285714
2018-01-14,79.28571428571429
2018-01-15,79.42857142857143
2018-01-16,79.57142857142857
2018-01-17,79.71428571428571
2018-01-18,79.85714285714286
2018-01-19,80.0
2018-01-20,79.85714285714286
2018-01-21,79.71428571428571
2018-01-22,79.57142857142857
2018-01-23,79.42857142857143
2018-01-24,79.28571428571429
2018-01-25,79.14285714285714
2018-01-26,79.0
2018-01-27,73.42857142857143
2018-01-28,67.85714285714286
2018-01-29,62.285714285714285
2018-01-30,56.714285714285715
2018-01-31,51.142857142857146
2018-02-01,45.57142857142857
2018-02-02,40.0
2018-02-03,35.714285714285715
2018-02-04,31.42857142857143
2018-02-05,27.142857142857142
2018-02-06,22.857142857142858
2018-02-07,18.571428571428573
2018-02-08,14.285714285714286
2018-02-09,10.0
2018-02-10,11.142857142857142
2018-02-11,12.285714285714285
2018-02-12,13.428571428571429
2018-02-13,14.571428571428571
2018-02-14,15.714285714285714
2018-02-15,16.857142857142858
2018-02-16,18.0
2018-02-17,18.0
2018-02-18,18.0
2018-02-19,18.0
2018-02-20,18.0
2018-02-21,18.0
2018-02-22,18.0
2018-02-23,18.0
2018-02-24,16.857142857142858
2018-02-25,15.714285714285715
2018-02-26,14.571428571428571
2018-02-27,13.428571428571429
2018-02-28,12.285714285714286
2018-03-01,11.142857142857142
2018-03-02,10.0
2018-03-03,14.857142857142858
2018-03-04,19.714285714285715
2018-03-05,24.57142857142857
2018-03-06,29.428571428571427
2018-03-07,34.285714285714285
2018-03-08,39.14285714285714
2018-03-09,44.0
2018-03-10,40.42857142857143
2018-03-11,36.857142857142854
2018-03-12,33.285714285714285
2018-03-13,29.714285714285715
2018-03-14,26.142857142857142
2018-03-15,22.57142857142857
2018-03-16,19.0
2018-03-17,17.285714285714285
2018-03-18,15.571428571428571
2018-03-19,13.857142857142858
2018-03-20,12.142857142857142
2018-03-21,10.428571428571429
2018-03-22,8.714285714285715
2018-03-23,7.0
2018-03-24,7.166666666666667
2018-03-25,7.333333333333333
2018-03-26,7.5
2018-03-27,7.666666666666667
2018-03-28,7.833333333333333
2018-03-29,8.0
2018-03-30,8.125
2018-03-31,8.25
2018-04-01,8.375
2018-04-02,8.5
2018-04-03,8.625
2018-04-04,8.75
2018-04-05,8.875
2018-04-06,9.0
2018-04-07,11.0
2018-04-08,13.0
2018-04-09,15.0
2018-04-10,17.0
2018-04-11,19.0
2018-04-12,21.0
2018-04-13,23.0
2018-04-14,25.142857142857142
2018-04-15,27.285714285714285
2018-04-16,29.428571428571427
2018-04-17,31.57142857142857
2018-04-18,33.714285714285715
2018-04-19,35.857142857142854
2018-04-20,38.0
2018-04-21,38.285714285714285
2018-04-22,38.57142857142857
2018-04-23,38.857142857142854
2018-04-24,39.142857142857146
2018-04-25,39.42857142857143
2018-04-26,39.714285714285715
2018-04-27,40.0
2018-04-28,40.0
2018-04-29,40.0
2018-04-30,40.0
2018-05-01,40.0
2018-05-02,40.0
2018-05-03,40.0
2018-05-04,40.0
2018-05-05,42.142857142857146
2018-05-06,44.285714285714285
2018-05-07,46.42857142857143
2018-05-08,48.57142857142857
2018-05-09,50.714285714285715
2018-05-10,52.857142857142854
2018-05-11,55.0
2018-05-12,54.57142857142857
2018-05-13,54.142857142857146
2018-05-14,53.714285714285715
2018-05-15,53.285714285714285
2018-05-16,52.857142857142854
2018-05-17,52.42857142857143
2018-05-18,52.0
2018-05-19,50.857142857142854
2018-05-20,49.714285714285715
2018-05-21,48.57142857142857
2018-05-22,47.42857142857143
2018-05-23,46.285714285714285
2018-05-24,45.142857142857146
2018-05-25,44.0
2018-05-26,45.142857142857146
2018-05-27,46.285714285714285
2018-05-28,47.42857142857143
2018-05-29,48.57142857142857
2018-05-30,49.714285714285715
2018-05-31,50.857142857142854
2018-06-01,52.0
2018-06-02,53.57142857142857
2018-06-03,55.142857142857146
2018-06-04,56.714285714285715
2018-06-05,58.285714285714285
2018-06-06,59.857142857142854
2018-06-07,61.42857142857143
2018-06-08,63.0
2018-06-09,62.714285714285715
2018-06-10,62.42857142857143
2018-06-11,62.142857142857146
2018-06-12,61.857142857142854
2018-06-13,61.57142857142857
2018-06-14,61.285714285714285
2018-06-15,61.0
2018-06-16,59.857142857142854
2018-06-17,58.714285714285715
2018-06-18,57.57142857142857
2018-06-19,56.42857142857143
2018-06-20,55.285714285714285
2018-06-21,54.142857142857146
2018-06-22,53.0
2018-06-23,50.285714285714285
2018-06-24,47.57142857142857
2018-06-25,44.857142857142854
2018-06-26,42.14285714285714
2018-06-27,39.42857142857143
2018-06-28,36.714285714285715
2018-06-29,34.0
2018-06-30,34.857142857142854
2018-07-01,35.714285714285715
2018-07-02,36.57142857142857
2018-07-03,37.42857142857143
2018-07-04,38.285714285714285
2018-07-05,39.142857142857146
2018-07-06,40.0
2018-07-07,41.0
2018-07-08,42.0
2018-07-09,43.0
2018-07-10,44.0
2018-07-11,45.0
2018-07-12,46.0
2018-07-13,47.0
2018-07-14,47.857142857142854
2018-07-15,48.714285714285715
2018-07-16,49.57142857142857
2018-07-17,50.42857142857143
2018-07-18,51.285714285714285
2018-07-19,52.142857142857146
2018-07-20,53.0
2018-07-21,55.0
2018-07-22,57.0
2018-07-23,59.0
2018-07-24,61.0
2018-07-25,63.0
2018-07-26,65.0
2018-07-27,67.0
2018-07-28,67.57142857142857
2018-07-29,68.14285714285714
2018-07-30,68.71428571428571
2018-07-31,69.28571428571429
2018-08-01,69.85714285714286
2018-08-02,70.42857142857143
2018-08-03,71.0
2018-08-04,69.42857142857143
2018-08-05,67.85714285714286
2018-08-06,66.28571428571429
2018-08-07,64.71428571428571
2018-08-08,63.142857142857146
2018-08-09,61.57142857142857
2018-08-10,60.0
2018-08-11,59.142857142857146
2018-08-12,58.285714285714285
2018-08-13,57.42857142857143
2018-08-14,56.57142857142857
2018-08-15,55.714285714285715
2018-08-16,54.857142857142854
2018-08-17,54.0
2018-08-18,56.0
2018-08-19,58.0
2018-08-20,60.0
2018-08-21,62.0
2018-08-22,64.0
2018-08-23,66.0
2018-08-24,68.0
2018-08-25,68.42857142857143
2018-08-26,68.85714285714286
2018-08-27,69.28571428571429
2018-08-28,69.71428571428571
2018-08-29,70.14285714285714
2018-08-30,70.57142857142857
2018-08-31,71.0
2018-09-01,68.28571428571429
2018-09-02,65.57142857142857
2018-09-03,62.857142857142854
2018-09-04,60.14285714285714
2018-09-05,57.42857142857143
2018-09-06,54.714285714285715
2018-09-07,52.0
2018-09-08,55.0
2018-09-09,58.0
2018-09-10,61.0
2018-09-11,64.0
2018-09-12,67.0
2018-09-13,70.0
2018-09-14,73.0
2018-09-15,73.28571428571429
2018-09-16,73.57142857142857
2018-09-17,73.85714285714286
2018-09-18,74.14285714285714
2018-09-19,74.42857142857143
2018-09-20,74.71428571428571
2018-09-21,75.0
2018-09-22,71.0
2018-09-23,67.0
2018-09-24,63.0
2018-09-25,59.0
2018-09-26,55.0
2018-09-27,51.0
2018-09-28,47.0
2018-09-29,45.0
2018-09-30,43.0
2018-10-01,41.0
2018-10-02,39.0
2018-10-03,37.0
2018-10-04,35.0
2018-10-05,33.0
2018-10-06,29.857142857142858
2018-10-07,26.714285714285715
2018-10-08,23.571428571428573
2018-10-09,20.42857142857143
2018-10-10,17.285714285714285
2018-10-11,14.142857142857142
2018-10-12,11.0
2018-10-13,11.428571428571429
2018-10-14,11.857142857142858
2018-10-15,12.285714285714286
2018-10-16,12.714285714285714
2018-10-17,13.142857142857142
2018-10-18,13.571428571428571
2018-10-19,14.0
2018-10-20,13.0
2018-10-21,12.0
2018-10-22,11.0
2018-10-23,10.0
2018-10-24,9.0
2018-10-25,8.0
2018-10-26,7.0
2018-10-27,7.142857142857143
2018-10-28,7.285714285714286
2018-10-29,7.428571428571429
2018-10-30,7.571428571428571
2018-10-31,7.714285714285714
2018-11-01,7.857142857142857
2018-11-02,8.0
2018-11-03,9.428571428571429
2018-11-04,10.857142857142858
2018-11-05,12.285714285714286
2018-11-06,13.714285714285715
2018-11-07,15.142857142857142
2018-11-08,16.571428571428573
2018-11-09,18.0
2018-11-10,16.857142857142858
2018-11-11,15.714285714285715
2018-11-12,14.571428571428571
2018-11-13,13.428571428571429
2018-11-14,12.285714285714286
2018-11-15,11.142857142857142
2018-11-16,10.0
2018-11-17,9.857142857142858
2018-11-18,9.714285714285714
2018-11-19,9.571428571428571
2018-11-20,9.428571428571429
2018-11-21,9.285714285714286
2018-11-22,9.142857142857142
2018-11-23,9.0
2018-11-24,10.857142857142858
2018-11-25,12.714285714285715
2018-11-26,14.571428571428571
2018-11-27,16.42857142857143
2018-11-28,18.285714285714285
2018-11-29,20.142857142857142
2018-11-30,22.0
2018-12-01,20.428571428571427
2018-12-02,18.857142857142858
2018-12-03,17.285714285714285
2018-12-04,15.714285714285715
2018-12-05,14.142857142857142
2018-12-06,12.571428571428571
2018-12-07,11.0
2018-12-08,10.571428571428571
2018-12-09,10.142857142857142
2018-12-10,9.714285714285714
2018-12-11,9.285714285714286
2018-12-12,8.857142857142858
2018-12-13,8.428571428571429
2018-12-14,8.0
2018-12-15,7.285714285714286
2018-12-16,6.571428571428571
2018-12-17,5.857142857142857
2018-12-18,5.142857142857142
2018-12-19,4.428571428571429
2018-12-20,3.7142857142857144
2018-12-21,3.0
2018-12-22,4.285714285714286
2018-12-23,5.571428571428571
2018-12-24,6.857142857142858
2018-12-25,8.142857142857142
2018-12-26,9.428571428571429
2018-12-27,10.714285714285715
2018-12-28,12.0
2018-12-29,12.0
2018-12-30,12.0
2018-12-31,12.0
2019-01-01,13.0
2019-01-02,14.0
2019-01-03,15.0
2019-01-04,16.0
2019-01-05,18.0
2019-01-06,20.0
2019-01-07,22.0
2019-01-08,24.0
2019-01-09,26.0
2019-01-10,28.0
2019-01-11,30.0
2019-01-12,33.0
2019-01-13,36.0
2019-01-14,39.0
2019-01-15,42.0
2019-01-16,45.0
2019-01-17,48.0
2019-01-18,51.0
2019-01-19,52.0
2019-01-20,53.0
2019-01-21,54.0
2019-01-22,55.0
2019-01-23,56.0
2019-01-24,57.0
2019-01-25,58.0
2019-01-26,58.42857142857143
2019-01-27,58.857142857142854
2019-01-28,59.285714285714285
2019-01-29,59.714285714285715
2019-01-30,60.142857142857146
2019-01-31,60.57142857142857
2019-02-01,61.0
2019-02-02,61.0
2019-02-03,61.0
2019-02-04,61.0
2019-02-05,61.0
2019-02-06,61.0
2019-02-07,61.0
2019-02-08,61.0
2019-02-09,62.285714285714285
2019-02-10,63.57142857142857
2019-02-11,64.85714285714286
2019-02-12,66.14285714285714
2019-02-13,67.42857142857143
2019-02-14,68.71428571428571
2019-02-15,70.0
2019-02-16,69.85714285714286
2019-02-17,69.71428571428571
2019-02-18,69.57142857142857
2019-02-19,69.42857142857143
2019-02-20,69.28571428571429
2019-02-21,69.14285714285714
2019-02-22,69.0
2019-02-23,69.42857142857143
2019-02-24,69.85714285714286
2019-02-25,70.28571428571429
2019-02-26,70.71428571428571
2019-02-27,71.14285714285714
2019-02-28,71.57142857142857
2019-03-01,72.0
2019-03-02,69.57142857142857
2019-03-03,67.14285714285714
2019-03-04,64.71428571428571
2019-03-05,62.285714285714285
2019-03-06,59.85714285714286
2019-03-07,57.42857142857143
2019-03-08,55.0
2019-03-09,56.42857142857143
2019-03-10,57.857142857142854
2019-03-11,59.285714285714285
2019-03-12,60.714285714285715
2019-03-13,62.142857142857146
2019-03-14,63.57142857142857
2019-03-15,65.0
2019-03-16,64.14285714285714
2019-03-17,63.285714285714285
2019-03-18,62.42857142857143
2019-03-19,61.57142857142857
2019-03-20,60.714285714285715
2019-03-21,59.857142857142854
2019-03-22,59.0
2019-03-23,57.57142857142857
2019-03-24,56.142857142857146
2019-03-25,54.714285714285715
2019-03-26,53.285714285714285
2019-03-27,51.857142857142854
2019-03-28,50.42857142857143
2019-03-29,49.0
2019-03-30,52.57142857142857
2019-03-31,56.142857142857146
2019-04-01,59.714285714285715
2019-04-02,63.285714285714285
2019-04-03,66.85714285714286
2019-04-04,70.42857142857143
2019-04-05,74.0
2019-04-06,74.0
2019-04-07,74.0
2019-04-08,74.0
2019-04-09,74.0
2019-04-10,74.0
2019-04-11,74.0
2019-04-12,74.0
2019-04-13,73.33333333333333
2019-04-14,72.66666666666667
2019-04-15,72.0
2019-04-16,71.33333333333333
2019-04-17,70.66666666666667
2019-04-18,70.0
2019-04-19,70.25
2019-04-20,70.5
2019-04-21,70.75
2019-04-22,71.0
2019-04-23,71.25
2019-04-24,71.5
2019-04-25,71.75
2019-04-26,72.0
2019-04-27,70.28571428571429
2019-04-28,68.57142857142857
2019-04-29,66.85714285714286
2019-04-30,65.14285714285714
2019-05-01,63.42857142857143
2019-05-02,61.714285714285715
2019-05-03,60.0
2019-05-04,57.714285714285715
2019-05-05,55.42857142857143
2019-05-06,53.142857142857146
2019-05-07,50.85714285714286
2019-05-08,48.57142857142857
2019-05-09,46.285714285714285
2019-05-10,44.0
2019-05-11,42.857142857142854
2019-05-12,41.714285714285715
2019-05-13,40.57142857142857
2019-05-14,39.42857142857143
2019-05-15,38.285714285714285
2019-05-16,37.142857142857146
2019-05-17,36.0
2019-05-18,34.714285714285715
2019-05-19,33.42857142857143
2019-05-20,32.142857142857146
2019-05-21,30.857142857142858
2019-05-22,29.57142857142857
2019-05-23,28.285714285714285
2019-05-24,27.0
2019-05-25,26.571428571428573
2019-05-26,26.142857142857142
2019-05-27,25.714285714285715
2019-05-28,25.285714285714285
2019-05-29,24.857142857142858
2019-05-30,24.428571428571427
2019-05-31,24.0
2019-06-01,25.142857142857142
2019-06-02,26.285714285714285
2019-06-03,27.428571428571427
2019-06-04,28.57142857142857
2019-06-05,29.714285714285715
2019-06-06,30.857142857142858
2019-06-07,32.0
2019-06-08,32.857142857142854
2019-06-09,33.714285714285715
2019-06-10,34.57142857142857
2019-06-11,35.42857142857143
2019-06-12,36.285714285714285
2019-06-13,37.142857142857146
2019-06-14,38.0
2019-06-15,39.714285714285715
2019-06-16,41.42857142857143
2019-06-17,43.142857142857146
2019-06-18,44.857142857142854
2019-06-19,46.57142857142857
2019-06-20,48.285714285714285
2019-06-21,50.0
2019-06-22,50.0
2019-06-23,50.0
2019-06-24,50.0
2019-06-25,50.0
2019-06-26,50.0
2019-06-27,50.0
2019-06-28,50.0
2019-06-29,51.57142857142857
2019-06-30,53.142857142857146
2019-07-01,54.714285714285715
2019-07-02,56.285714285714285
2019-07-03,57.857142857142854
2019-07-04,59.42857142857143
2019-07-05,61.0
2019-07-06,61.42857142857143
2019-07-07,61.857142857142854
2019-07-08,62.285714285714285
2019-07-09,62.714285714285715
2019-07-10,63.142857142857146
2019-07-11,63.57142857142857
2019-07-12,64.0
2019-07-13,61.142857142857146
2019-07-14,58.285714285714285
2019-07-15,55.42857142857143
2019-07-16,52.57142857142857
2019-07-17,49.714285714285715
2019-07-18,46.857142857142854
2019-07-19,44.0
2019-07-20,46.285714285714285
2019-07-21,48.57142857142857
2019-07-22,50.857142857142854
2019-07-23,53.14285714285714
2019-07-24,55.42857142857143
2019-07-25,57.714285714285715
2019-07-26,60.0
2019-07-27,56.57142857142857
2019-07-28,53.142857142857146
2019-07-29,49.714285714285715
2019-07-30,46.285714285714285
2019-07-31,42.85714285714286
2019-08-01,39.42857142857143
2019-08-02,36.0
2019-08-03,34.42857142857143
2019-08-04,32.857142857142854
2019-08-05,31.285714285714285
2019-08-06,29.714285714285715
2019-08-07,28.142857142857142
2019-08-08,26.571428571428573
2019-08-09,25.0
2019-08-10,24.285714285714285
2019-08-11,23.571428571428573
2019-08-12,22.857142857142858
2019-08-13,22.142857142857142
2019-08-14,21.428571428571427
2019-08-15,20.714285714285715
2019-08-16,20.0
2019-08-17,19.714285714285715
2019-08-18,19.428571428571427
2019-08-19,19.142857142857142
2019-08-20,18.857142857142858
2019-08-21,18.571428571428573
2019-08-22,18.285714285714285
2019-08-23,18.0
2019-08-24,18.714285714285715
2019-08-25,19.428571428571427
2019-08-26,20.142857142857142
2019-08-27,20.857142857142858
2019-08-28,21.571428571428573
2019-08-29,22.285714285714285
2019-08-30,23.0
2019-08-31,24.714285714285715
2019-09-01,26.428571428571427
2019-09-02,28.142857142857142
2019-09-03,29.857142857142858
2019-09-04,31.57142857142857
2019-09-05,33.285714285714285
2019-09-06,35.0
2019-09-07,39.714285714285715
2019-09-08,44.42857142857143
2019-09-09,49.142857142857146
2019-09-10,53.85714285714286
2019-09-11,58.57142857142857
2019-09-12,63.285714285714285
2019-09-13,68.0
2019-09-14,66.57142857142857
2019-09-15,65.14285714285714
2019-09-16,63.714285714285715
2019-09-17,62.285714285714285
2019-09-18,60.857142857142854
2019-09-19,59.42857142857143
2019-09-20,58.0
2019-09-21,57.142857142857146
2019-09-22,56.285714285714285
2019-09-23,55.42857142857143
2019-09-24,54.57142857142857
2019-09-25,53.714285714285715
2019-09-26,52.857142857142854
2019-09-27,52.0
2019-09-28,49.142857142857146
2019-09-29,46.285714285714285
2019-09-30,43.42857142857143
2019-10-01,40.57142857142857
2019-10-02,37.714285714285715
2019-10-03,34.857142857142854
2019-10-04,32.0
2019-10-05,33.42857142857143
2019-10-06,34.857142857142854
2019-10-07,36.285714285714285
2019-10-08,37.714285714285715
2019-10-09,39.142857142857146
2019-10-10,40.57142857142857
2019-10-11,42.0
2019-10-12,43.142857142857146
2019-10-13,44.285714285714285
2019-10-14,45.42857142857143
2019-10-15,46.57142857142857
2019-10-16,47.714285714285715
2019-10-17,48.857142857142854
2019-10-18,50.0
2019-10-19,51.714285714285715
2019-10-20,53.42857142857143
2019-10-21,55.142857142857146
2019-10-22,56.857142857142854
2019-10-23,58.57142857142857
2019-10-24,60.285714285714285
2019-10-25,62.0
2019-10-26,64.57142857142857
2019-10-27,67.14285714285714
2019-10-28,69.71428571428571
2019-10-29,72.28571428571429
2019-10-30,74.85714285714286
2019-10-31,77.42857142857143
2019-11-01,80.0
2019-11-02,81.57142857142857
2019-11-03,83.14285714285714
2019-11-04,84.71428571428571
2019-11-05,86.28571428571429
2019-11-06,87.85714285714286
2019-11-07,89.42857142857143
2019-11-08,91.0
2019-11-09,90.42857142857143
2019-11-10,89.85714285714286
2019-11-11,89.28571428571429
2019-11-12,88.71428571428571
2019-11-13,88.14285714285714
2019-11-14,87.57142857142857
2019-11-15,87.0
2019-11-16,84.42857142857143
2019-11-17,81.85714285714286
2019-11-18,79.28571428571429
2019-11-19,76.71428571428571
2019-11-20,74.14285714285714
2019-11-21,71.57142857142857
2019-11-22,69.0
2019-11-23,70.28571428571429
2019-11-24,71.57142857142857
2019-11-25,72.85714285714286
2019-11-26,74.14285714285714
2019-11-27,75.42857142857143
2019-11-28,76.71428571428571
2019-11-29,78.0
2019-11-30,76.85714285714286
2019-12-01,75.71428571428571
2019-12-02,74.57142857142857
2019-12-03,73.42857142857143
2019-12-04,72.28571428571429
2019-12-05,71.14285714285714
2019-12-06,70.0
2019-12-07,70.71428571428571
2019-12-08,71.42857142857143
2019-12-09,72.14285714285714
2019-12-10,72.85714285714286
2019-12-11,73.57142857142857
2019-12-12,74.28571428571429
2019-12-13,75.0
2019-12-14,77.28571428571429
2019-12-15,79.57142857142857
2019-12-16,81.85714285714286
2019-12-17,84.14285714285714
2019-12-18,86.42857142857143
2019-12-19,88.71428571428571
2019-12-20,91.0
2019-12-21,91.0
2019-12-22,91.0
2019-12-23,91.0
2019-12-24,91.0
2019-12-25,91.0
2019-12-26,91.0
2019-12-27,91.0
2019-12-28,91.5
2019-12-29,92.0
2019-12-30,92.5
2019-12-31,93.0
2020-01-01,93.0
2020-01-02,93.0
2020-01-03,93.0
2020-01-04,92.71428571428571
2020-01-05,92.42857142857143
2020-01-06,92.14285714285714
2020-01-07,91.85714285714286
2020-01-08,91.57142857142857
2020-01-09,91.28571428571429
2020-01-10,91.0
2020-01-11,90.71428571428571
2020-01-12,90.42857142857143
2020-01-13,90.14285714285714
2020-01-14,89.85714285714286
2020-01-15,89.57142857142857
2020-01-16,89.28571428571429
2020-01-17,89.0
2020-01-18,85.14285714285714
2020-01-19,81.28571428571429
2020-01-20,77.42857142857143
2020-01-21,73.57142857142857
2020-01-22,69.71428571428571
2020-01-23,65.85714285714286
2020-01-24,62.0
2020-01-25,59.42857142857143
2020-01-26,56.857142857142854
2020-01-27,54.285714285714285
2020-01-28,51.714285714285715
2020-01-29,49.14285714285714
2020-01-30,46.57142857142857
2020-01-31,44.0
2020-02-01,45.857142857142854
2020-02-02,47.714285714285715
2020-02-03,49.57142857142857
2020-02-04,51.42857142857143
2020-02-05,53.285714285714285
2020-02-06,55.142857142857146
2020-02-07,57.0
2020-02-08,56.714285714285715
2020-02-09,56.42857142857143
2020-02-10,56.142857142857146
2020-02-11,55.857142857142854
2020-02-12,55.57142857142857
2020-02-13,55.285714285714285
2020-02-14,55.0
2020-02-15,53.42857142857143
2020-02-16,51.857142857142854
2020-02-17,50.285714285714285
2020-02-18,48.714285714285715
2020-02-19,47.142857142857146
2020-02-20,45.57142857142857
2020-02-21,44.0
2020-02-22,39.142857142857146
2020-02-23,34.285714285714285
2020-02-24,29.42857142857143
2020-02-25,24.571428571428573
2020-02-26,19.714285714285715
2020-02-27,14.85714285714286
2020-02-28,10.0
2020-02-29,9.428571428571429
2020-03-01,8.857142857142858
2020-03-02,8.285714285714286
2020-03-03,7.714285714285714
2020-03-04,7.142857142857143
2020-03-05,6.571428571428571
2020-03-06,6.0
2020-03-07,5.857142857142857
2020-03-08,5.714285714285714
2020-03-09,5.571428571428571
2020-03-10,5.428571428571429
2020-03-11,5.285714285714286
2020-03-12,5.142857142857143
2020-03-13,5.0
2020-03-14,5.428571428571429
2020-03-15,5.857142857142857
2020-03-16,6.285714285714286
2020-03-17,6.714285714285714
2020-03-18,7.142857142857142
2020-03-19,7.571428571428571
2020-03-20,8.0
2020-03-21,10.142857142857142
2020-03-22,12.285714285714285
2020-03-23,14.428571428571429
2020-03-24,16.57142857142857
2020-03-25,18.714285714285715
2020-03-26,20.857142857142858
2020-03-27,23.0
2020-03-28,22.857142857142858
2020-03-29,22.714285714285715
2020-03-30,22.571428571428573
2020-03-31,22.428571428571427
2020-04-01,22.285714285714285
2020-04-02,22.142857142857142
2020-04-03,22.0
2020-04-04,25.5
2020-04-05,29.0
2020-04-06,32.5
2020-04-07,36.0
2020-04-08,39.5
2020-04-09,43.0
2020-04-10,43.125
2020-04-11,43.25
2020-04-12,43.375
2020-04-13,43.5
2020-04-14,43.625
2020-04-15,43.75
2020-04-16,43.875
2020-04-17,44.0
2020-04-18,43.285714285714285
2020-04-19,42.57142857142857
2020-04-20,41.857142857142854
2020-04-21,41.142857142857146
2020-04-22,40.42857142857143
2020-04-23,39.714285714285715
2020-04-24,39.0
2020-04-25,39.42857142857143
2020-04-26,39.857142857142854
2020-04-27,40.285714285714285
2020-04-28,40.714285714285715
2020-04-29,41.142857142857146
2020-04-30,41.57142857142857
2020-05-01,42.0
2020-05-02,42.42857142857143
2020-05-03,42.857142857142854
2020-05-04,43.285714285714285
2020-05-05,43.714285714285715
2020-05-06,44.142857142857146
2020-05-07,44.57142857142857
2020-05-08,45.0
2020-05-09,44.142857142857146
2020-05-10,43.285714285714285
2020-05-11,42.42857142857143
2020-05-12,41.57142857142857
2020-05-13,40.714285714285715
2020-05-14,39.857142857142854
2020-05-15,39.0
2020-05-16,40.57142857142857
2020-05-17,42.142857142857146
2020-05-18,43.714285714285715
2020-05-19,45.285714285714285
2020-05-20,46.857142857142854
2020-05-21,48.42857142857143
2020-05-22,50.0
2020-05-23,50.285714285714285
2020-05-24,50.57142857142857
2020-05-25,50.857142857142854
2020-05-26,51.142857142857146
2020-05-27,51.42857142857143
2020-05-28,51.714285714285715
2020-05-29,52.0
2020-05-30,54.0
2020-05-31,56.0
2020-06-01,58.0
2020-06-02,60.0
2020-06-03,62.0
2020-06-04,64.0
2020-06-05,66.0
2020-06-06,64.28571428571429
2020-06-07,62.57142857142857
2020-06-08,60.857142857142854
2020-06-09,59.142857142857146
2020-06-10,57.42857142857143
2020-06-11,55.714285714285715
2020-06-12,54.0
2020-06-13,53.714285714285715
2020-06-14,53.42857142857143
2020-06-15,53.142857142857146
2020-06-16,52.857142857142854
2020-06-17,52.57142857142857
2020-06-18,52.285714285714285
2020-06-19,52.0
2020-06-20,51.0
2020-06-21,50.0
2020-06-22,49.0
2020-06-23,48.0
2020-06-24,47.0
2020-06-25,46.0
2020-06-26,45.0
2020-06-27,45.833333333333336
2020-06-28,46.666666666666664
2020-06-29,47.5
2020-06-30,48.333333333333336
2020-07-01,49.166666666666664
2020-07-02,50.0
2020-07-03,51.125
2020-07-04,52.25
2020-07-05,53.375
2020-07-06,54.5
2020-07-07,55.625
2020-07-08,56.75
2020-07-09,57.875
2020-07-10,59.0
2020-07-11,59.57142857142857
2020-07-12,60.142857142857146
2020-07-13,60.714285714285715
2020-07-14,61.285714285714285
2020-07-15,61.857142857142854
2020-07-16,62.42857142857143
2020-07-17,63.0
2020-07-18,63.0
2020-07-19,63.0
2020-07-20,63.0
2020-07-21,63.0
2020-07-22,63.0
2020-07-23,63.0
2020-07-24,63.0
2020-07-25,63.285714285714285
2020-07-26,63.57142857142857
2020-07-27,63.857142857142854
2020-07-28,64.14285714285714
2020-07-29,64.42857142857143
2020-07-30,64.71428571428571
2020-07-31,65.0
2020-08-01,66.0
2020-08-02,67.0
2020-08-03,68.0
2020-08-04,69.0
2020-08-05,70.0
2020-08-06,71.0
2020-08-07,72.0
2020-08-08,72.0
2020-08-09,72.0
2020-08-10,72.0
2020-08-11,72.0
2020-08-12,72.0
2020-08-13,72.0
2020-08-14,72.0
2020-08-15,71.71428571428571
2020-08-16,71.42857142857143
2020-08-17,71.14285714285714
2020-08-18,70.85714285714286
2020-08-19,70.57142857142857
2020-08-20,70.28571428571429
2020-08-21,70.0
2020-08-22,71.14285714285714
2020-08-23,72.28571428571429
2020-08-24,73.42857142857143
2020-08-25,74.57142857142857
2020-08-26,75.71428571428571
2020-08-27,76.85714285714286
2020-08-28,78.0
2020-08-29,75.28571428571429
2020-08-30,72.57142857142857
2020-08-31,69.85714285714286
2020-09-01,67.14285714285714
2020-09-02,64.42857142857143
2020-09-03,61.714285714285715
2020-09-04,59.0
2020-09-05,58.857142857142854
2020-09-06,58.714285714285715
2020-09-07,58.57142857142857
2020-09-08,58.42857142857143
2020-09-09,58.285714285714285
2020-09-10,58.142857142857146
2020-09-11,58.0
2020-09-12,57.142857142857146
2020-09-13,56.285714285714285
2020-09-14,55.42857142857143
2020-09-15,54.57142857142857
2020-09-16,53.714285714285715
2020-09-17,52.857142857142854
2020-09-18,52.0
2020-09-19,51.57142857142857
2020-09-20,51.142857142857146
2020-09-21,50.714285714285715
2020-09-22,50.285714285714285
2020-09-23,49.857142857142854
2020-09-24,49.42857142857143
2020-09-25,49.0
2020-09-26,47.714285714285715
2020-09-27,46.42857142857143
2020-09-28,45.142857142857146
2020-09-29,43.857142857142854
2020-09-30,42.57142857142857
2020-10-01,41.285714285714285
2020-10-02,40.0
2020-10-03,42.142857142857146
2020-10-04,44.285714285714285
2020-10-05,46.42857142857143
2020-10-06,48.57142857142857
2020-10-07,50.714285714285715
2020-10-08,52.857142857142854
2020-10-09,55.0
2020-10-10,56.0
2020-10-11,57.0
2020-10-12,58.0
2020-10-13,59.0
2020-10-14,60.0
2020-10-15,61.0
2020-10-16,62.0
2020-10-17,62.714285714285715
2020-10-18,63.42857142857143
2020-10-19,64.14285714285714
2020-10-20,64.85714285714286
2020-10-21,65.57142857142857
2020-10-22,66.28571428571429
2020-10-23,67.0
2020-10-24,61.57142857142857
2020-10-25,56.14285714285714
2020-10-26,50.714285714285715
2020-10-27,45.285714285714285
2020-10-28,39.857142857142854
2020-10-29,34.42857142857143
2020-10-30,29.0
2020-10-31,30.571428571428573
2020-11-01,32.142857142857146
2020-11-02,33.714285714285715
2020-11-03,35.285714285714285
2020-11-04,36.857142857142854
2020-11-05,38.42857142857143
2020-11-06,40.0
2020-11-07,42.714285714285715
2020-11-08,45.42857142857143
2020-11-09,48.142857142857146
2020-11-10,50.85714285714286
2020-11-11,53.57142857142857
2020-11-12,56.285714285714285
2020-11-13,59.0
2020-11-14,59.42857142857143
2020-11-15,59.857142857142854
2020-11-16,60.285714285714285
2020-11-17,60.714285714285715
2020-11-18,61.142857142857146
2020-11-19,61.57142857142857
2020-11-20,62.0
2020-11-21,66.28571428571429
2020-11-22,70.57142857142857
2020-11-23,74.85714285714286
2020-11-24,79.14285714285714
2020-11-25,83.42857142857143
2020-11-26,87.71428571428571
2020-11-27,92.0
2020-11-28,91.57142857142857
2020-11-29,91.14285714285714
2020-11-30,90.71428571428571
2020-12-01,90.28571428571429
2020-12-02,89.85714285714286
2020-12-03,89.42857142857143
2020-12-04,89.0
2020-12-05,87.14285714285714
2020-12-06,85.28571428571429
2020-12-07,83.42857142857143
2020-12-08,81.57142857142857
2020-12-09,79.71428571428571
2020-12-10,77.85714285714286
2020-12-11,76.0
2020-12-12,74.14285714285714
2020-12-13,72.28571428571429
2020-12-14,70.42857142857143
2020-12-15,68.57142857142857
2020-12-16,66.71428571428571
2020-12-17,64.85714285714286
2020-12-18,63.0
2020-12-19,61.5
2020-12-20,60.0
2020-12-21,58.5
2020-12-22,57.0
2020-12-23,55.5
2020-12-24,54.0
2020-12-25,53.57142857142857
2020-12-26,53.142857142857146
2020-12-27,52.714285714285715
2020-12-28,52.285714285714285
2020-12-29,51.857142857142854
2020-12-30,51.42857142857143
2020-12-31,51.0
2021-01-01,53.5
2021-01-02,56.0
2021-01-03,58.5
2021-01-04,61.0
2021-01-05,63.5
2021-01-06,66.0
2021-01-07,68.5
2021-01-08,71.0
2021-01-09,69.42857142857143
2021-01-10,67.85714285714286
2021-01-11,66.28571428571429
2021-01-12,64.71428571428571
2021-01-13,63.142857142857146
2021-01-14,61.57142857142857
2021-01-15,60.0
2021-01-16,61.285714285714285
2021-01-17,62.57142857142857
2021-01-18,63.857142857142854
2021-01-19,65.14285714285714
2021-01-20,66.42857142857143
2021-01-21,67.71428571428571
2021-01-22,69.0
2021-01-23,64.57142857142857
2021-01-24,60.14285714285714
2021-01-25,55.714285714285715
2021-01-26,51.285714285714285
2021-01-27,46.857142857142854
2021-01-28,42.42857142857143
2021-01-29,38.0
2021-01-30,41.142857142857146
2021-01-31,44.285714285714285
2021-02-01,47.42857142857143
2021-02-02,50.57142857142857
2021-02-03,53.714285714285715
2021-02-04,56.857142857142854
2021-02-05,60.0
2021-02-06,61.857142857142854
2021-02-07,63.714285714285715
2021-02-08,65.57142857142857
2021-02-09,67.42857142857143
2021-02-10,69.28571428571429
2021-02-11,71.14285714285714
2021-02-12,73.0
2021-02-13,71.0
2021-02-14,69.0
2021-02-15,67.0
2021-02-16,65.0
2021-02-17,63.0
2021-02-18,61.0
2021-02-19,59.0
2021-02-20,57.42857142857143
2021-02-21,55.857142857142854
2021-02-22,54.285714285714285
2021-02-23,52.714285714285715
2021-02-24,51.142857142857146
2021-02-25,49.57142857142857
2021-02-26,48.0
2021-02-27,47.0
2021-02-28,46.0
2021-03-01,45.0
2021-03-02,44.0
2021-03-03,43.0
2021-03-04,42.0
2021-03-05,41.0
2021-03-06,42.714285714285715
2021-03-07,44.42857142857143
2021-03-08,46.142857142857146
2021-03-09,47.857142857142854
2021-03-10,49.57142857142857
2021-03-11,51.285714285714285
2021-03-12,53.0
2021-03-13,52.57142857142857
2021-03-14,52.142857142857146
2021-03-15,51.714285714285715
2021-03-16,51.285714285714285
2021-03-17,50.857142857142854
2021-03-18,50.42857142857143
2021-03-19,50.0
2021-03-20,48.142857142857146
2021-03-21,46.285714285714285
2021-03-22,44.42857142857143
2021-03-23,42.57142857142857
2021-03-24,40.714285714285715
2021-03-25,38.857142857142854
2021-03-26,37.0
2021-03-27,38.5
2021-03-28,40.0
2021-03-29,41.5
2021-03-30,43.0
2021-03-31,44.5
2021-04-01,46.0
2021-04-02,46.125
2021-04-03,46.25
2021-04-04,46.375
2021-04-05,46.5
2021-04-06,46.625
2021-04-07,46.75
2021-04-08,46.875
2021-04-09,47.0
2021-04-10,47.57142857142857
2021-04-11,48.142857142857146
2021-04-12,48.714285714285715
2021-04-13,49.285714285714285
2021-04-14,49.857142857142854
2021-04-15,50.42857142857143
2021-04-16,51.0
2021-04-17,50.42857142857143
2021-04-18,49.857142857142854
2021-04-19,49.285714285714285
2021-04-20,48.714285714285715
2021-04-21,48.142857142857146
2021-04-22,47.57142857142857
2021-04-23,47.0
2021-04-24,46.857142857142854
2021-04-25,46.714285714285715
2021-04-26,46.57142857142857
2021-04-27,46.42857142857143
2021-04-28,46.285714285714285
2021-04-29,46.142857142857146
2021-04-30,46.0
2021-05-01,46.285714285714285
2021-05-02,46.57142857142857
2021-05-03,46.857142857142854
2021-05-04,47.142857142857146
2021-05-05,47.42857142857143
2021-05-06,47.714285714285715
2021-05-07,48.0
2021-05-08,46.142857142857146
2021-05-09,44.285714285714285
2021-05-10,42.42857142857143
2021-05-11,40.57142857142857
2021-05-12,38.714285714285715
2021-05-13,36.857142857142854
2021-05-14,35.0
2021-05-15,34.142857142857146
2021-05-16,33.285714285714285
2021-05-17,32.42857142857143
2021-05-18,31.571428571428573
2021-05-19,30.714285714285715
2021-05-20,29.857142857142858
2021-05-21,29.0
2021-05-22,29.285714285714285
2021-05-23,29.571428571428573
2021-05-24,29.857142857142858
2021-05-25,30.142857142857142
2021-05-26,30.428571428571427
2021-05-27,30.714285714285715
2021-05-28,31.0
2021-05-29,32.42857142857143
2021-05-30,33.857142857142854
2021-05-31,35.285714285714285
2021-06-01,36.714285714285715
2021-06-02,38.142857142857146
2021-06-03,39.57142857142857
2021-06-04,41.0
2021-06-05,42.42857142857143
2021-06-06,43.857142857142854
2021-06-07,45.285714285714285
2021-06-08,46.714285714285715
2021-06-09,48.142857142857146
2021-06-10,49.57142857142857
2021-06-11,51.0
2021-06-12,48.142857142857146
2021-06-13,45.285714285714285
2021-06-14,42.42857142857143
2021-06-15,39.57142857142857
2021-06-16,36.714285714285715
2021-06-17,33.857142857142854
2021-06-18,31.0
2021-06-19,32.42857142857143
2021-06-20,33.857142857142854
2021-06-21,35.285714285714285
2021-06-22,36.714285714285715
2021-06-23,38.142857142857146
2021-06-24,39.57142857142857
2021-06-25,41.0
2021-06-26,40.57142857142857
2021-06-27,40.142857142857146
2021-06-28,39.714285714285715
2021-06-29,39.285714285714285
2021-06-30,38.857142857142854
2021-07-01,38.42857142857143
2021-07-02,38.0
2021-07-03,37.0
2021-07-04,36.0
2021-07-05,35.0
2021-07-06,34.0
2021-07-07,33.0
2021-07-08,32.0
2021-07-09,31.0
2021-07-10,30.285714285714285
2021-07-11,29.571428571428573
2021-07-12,28.857142857142858
2021-07-13,28.142857142857142
2021-07-14,27.428571428571427
2021-07-15,26.714285714285715
2021-07-16,26.0
2021-07-17,26.285714285714285
2021-07-18,26.571428571428573
2021-07-19,26.857142857142858
2021-07-20,27.142857142857142
2021-07-21,27.428571428571427
2021-07-22,27.714285714285715
2021-07-23,28.0
2021-07-24,27.571428571428573
2021-07-25,27.142857142857142
2021-07-26,26.714285714285715
2021-07-27,26.285714285714285
2021-07-28,25.857142857142858
2021-07-29,25.428571428571427
2021-07-30,25.0
2021-07-31,25.857142857142858
2021-08-01,26.714285714285715
2021-08-02,27.571428571428573
2021-08-03,28.428571428571427
2021-08-04,29.285714285714285
2021-08-05,30.142857142857142
2021-08-06,31.0
2021-08-07,33.285714285714285
2021-08-08,35.57142857142857
2021-08-09,37.857142857142854
2021-08-10,40.14285714285714
2021-08-11,42.42857142857143
2021-08-12,44.714285714285715
2021-08-13,47.0
2021-08-14,43.57142857142857
2021-08-15,40.142857142857146
2021-08-16,36.714285714285715
2021-08-17,33.285714285714285
2021-08-18,29.857142857142858
2021-08-19,26.42857142857143
2021-08-20,23.0
2021-08-21,26.428571428571427
2021-08-22,29.857142857142858
2021-08-23,33.285714285714285
2021-08-24,36.714285714285715
2021-08-25,40.14285714285714
2021-08-26,43.57142857142857
2021-08-27,47.0
2021-08-28,46.57142857142857
2021-08-29,46.142857142857146
2021-08-30,45.714285714285715
2021-08-31,45.285714285714285
2021-09-01,44.857142857142854
2021-09-02,44.42857142857143
2021-09-03,44.0
2021-09-04,40.57142857142857
2021-09-05,37.142857142857146
2021-09-06,33.714285714285715
2021-09-07,30.285714285714285
2021-09-08,26.857142857142858
2021-09-09,23.42857142857143
2021-09-10,20.0
2021-09-11,19.571428571428573
2021-09-12,19.142857142857142
2021-09-13,18.714285714285715
2021-09-14,18.285714285714285
2021-09-15,17.857142857142858
2021-09-16,17.428571428571427
2021-09-17,17.0
2021-09-18,17.857142857142858
2021-09-19,18.714285714285715
2021-09-20,19.571428571428573
2021-09-21,20.428571428571427
2021-09-22,21.285714285714285
2021-09-23,22.142857142857142
2021-09-24,23.0
2021-09-25,22.285714285714285
2021-09-26,21.571428571428573
2021-09-27,20.857142857142858
2021-09-28,20.142857142857142
2021-09-29,19.428571428571427
2021-09-30,18.714285714285715
2021-10-01,18.0
2021-10-02,19.0
2021-10-03,20.0
2021-10-04,21.0
2021-10-05,22.0
2021-10-06,23.0
2021-10-07,24.0
2021-10-08,25.0
2021-10-09,27.571428571428573
2021-10-10,30.142857142857142
2021-10-11,32.714285714285715
2021-10-12,35.285714285714285
2021-10-13,37.85714285714286
2021-10-14,40.42857142857143
2021-10-15,43.0
2021-10-16,45.285714285714285
2021-10-17,47.57142857142857
2021-10-18,49.857142857142854
2021-10-19,52.14285714285714
2021-10-20,54.42857142857143
2021-10-21,56.714285714285715
2021-10-22,59.0
2021-10-23,59.857142857142854
2021-10-24,60.714285714285715
2021-10-25,61.57142857142857
2021-10-26,62.42857142857143
2021-10-27,63.285714285714285
2021-10-28,64.14285714285714
2021-10-29,65.0
2021-10-30,66.14285714285714
2021-10-31,67.28571428571429
2021-11-01,68.42857142857143
2021-11-02,69.57142857142857
2021-11-03,70.71428571428571
2021-11-04,71.85714285714286
2021-11-05,73.0
2021-11-06,73.14285714285714
2021-11-07,73.28571428571429
2021-11-08,73.42857142857143
2021-11-09,73.57142857142857
2021-11-10,73.71428571428571
2021-11-11,73.85714285714286
2021-11-12,74.0
2021-11-13,72.28571428571429
2021-11-14,70.57142857142857
2021-11-15,68.85714285714286
2021-11-16,67.14285714285714
2021-11-17,65.42857142857143
2021-11-18,63.714285714285715
2021-11-19,62.0
2021-11-20,57.57142857142857
2021-11-21,53.14285714285714
2021-11-22,48.714285714285715
2021-11-23,44.285714285714285
2021-11-24,39.857142857142854
2021-11-25,35.42857142857143
2021-11-26,31.0
2021-11-27,29.428571428571427
2021-11-28,27.857142857142858
2021-11-29,26.285714285714285
2021-11-30,24.714285714285715
2021-12-01,23.142857142857142
2021-12-02,21.571428571428573
2021-12-03,20.0
2021-12-04,23.142857142857142
2021-12-05,26.285714285714285
2021-12-06,29.428571428571427
2021-12-07,32.57142857142857
2021-12-08,35.714285714285715
2021-12-09,38.857142857142854
2021-12-10,42.0
2021-12-11,40.57142857142857
2021-12-12,39.142857142857146
2021-12-13,37.714285714285715
2021-12-14,36.285714285714285
2021-12-15,34.857142857142854
2021-12-16,33.42857142857143
2021-12-17,32.0
2021-12-18,35.0
2021-12-19,38.0
2021-12-20,41.0
2021-12-21,44.0
2021-12-22,47.0
2021-12-23,50.0
2021-12-24,51.5
2021-12-25,53.0
2021-12-26,54.5
2021-12-27,56.0
2021-12-28,57.5
2021-12-29,59.0
2021-12-30,60.5
2021-12-31,62.0
2022-01-01,60.142857142857146
2022-01-02,58.285714285714285
2022-01-03,56.42857142857143
2022-01-04,54.57142857142857
2022-01-05,52.714285714285715
2022-01-06,50.857142857142854
2022-01-07,49.0
2022-01-08,49.857142857142854
2022-01-09,50.714285714285715
2022-01-10,51.57142857142857
2022-01-11,52.42857142857143
2022-01-12,53.285714285714285
2022-01-13,54.142857142857146
2022-01-14,55.0
2022-01-15,50.857142857142854
2022-01-16,46.714285714285715
2022-01-17,42.57142857142857
2022-01-18,38.42857142857143
2022-01-19,34.285714285714285
2022-01-20,30.14285714285714
2022-01-21,26.0
2022-01-22,25.571428571428573
2022-01-23,25.142857142857142
2022-01-24,24.714285714285715
2022-01-25,24.285714285714285
2022-01-26,23.857142857142858
2022-01-27,23.428571428571427
2022-01-28,23.0
2022-01-29,23.571428571428573
2022-01-30,24.142857142857142
2022-01-31,24.714285714285715
2022-02-01,25.285714285714285
2022-02-02,25.857142857142858
2022-02-03,26.428571428571427
2022-02-04,27.0
2022-02-05,27.142857142857142
2022-02-06,27.285714285714285
2022-02-07,27.428571428571427
2022-02-08,27.571428571428573
2022-02-09,27.714285714285715
2022-02-10,27.857142857142858
2022-02-11,28.0
2022-02-12,28.142857142857142
2022-02-13,28.285714285714285
2022-02-14,28.428571428571427
2022-02-15,28.571428571428573
2022-02-16,28.714285714285715
2022-02-17,28.857142857142858
2022-02-18,29.0
2022-02-19,28.857142857142858
2022-02-20,28.714285714285715
2022-02-21,28.571428571428573
2022-02-22,28.428571428571427
2022-02-23,28.285714285714285
2022-02-24,28.142857142857142
2022-02-25,28.0
2022-02-26,26.571428571428573
2022-02-27,25.142857142857142
2022-02-28,23.714285714285715
2022-03-01,22.285714285714285
2022-03-02,20.857142857142858
2022-03-03,19.428571428571427
2022-03-04,18.0
2022-03-05,18.142857142857142
2022-03-06,18.285714285714285
2022-03-07,18.428571428571427
2022-03-08,18.571428571428573
2022-03-09,18.714285714285715
2022-03-10,18.857142857142858
2022-03-11,19.0
2022-03-12,21.714285714285715
2022-03-13,24.42857142857143
2022-03-14,27.142857142857142
2022-03-15,29.857142857142858
2022-03-16,32.57142857142857
2022-03-17,35.285714285714285
2022-03-18,38.0
2022-03-19,39.57142857142857
2022-03-20,41.142857142857146
2022-03-21,42.714285714285715
2022-03-22,44.285714285714285
2022-03-23,45.857142857142854
2022-03-24,47.42857142857143
2022-03-25,49.0
2022-03-26,50.42857142857143
2022-03-27,51.857142857142854
2022-03-28,53.285714285714285
2022-03-29,54.714285714285715
2022-03-30,56.142857142857146
2022-03-31,57.57142857142857
2022-04-01,59.0
2022-04-02,57.142857142857146
2022-04-03,55.285714285714285
2022-04-04,53.42857142857143
2022-04-05,51.57142857142857
2022-04-06,49.714285714285715
2022-04-07,47.857142857142854
2022-04-08,46.0
2022-04-09,44.833333333333336
2022-04-10,43.666666666666664
2022-04-11,42.5
2022-04-12,41.333333333333336
2022-04-13,40.166666666666664
2022-04-14,39.0
2022-04-15,38.0
2022-04-16,37.0
2022-04-17,36.0
2022-04-18,35.0
2022-04-19,34.0
2022-04-20,33.0
2022-04-21,32.0
2022-04-22,31.0
2022-04-23,28.571428571428573
2022-04-24,26.142857142857142
2022-04-25,23.714285714285715
2022-04-26,21.285714285714285
2022-04-27,18.857142857142858
2022-04-28,16.42857142857143
2022-04-29,14.0
2022-04-30,13.714285714285714
2022-05-01,13.428571428571429
2022-05-02,13.142857142857142
2022-05-03,12.857142857142858
2022-05-04,12.571428571428571
2022-05-05,12.285714285714286
2022-05-06,12.0
2022-05-07,11.857142857142858
2022-05-08,11.714285714285714
2022-05-09,11.571428571428571
2022-05-10,11.428571428571429
2022-05-11,11.285714285714286
2022-05-12,11.142857142857142
2022-05-13,11.0
2022-05-14,11.142857142857142
2022-05-15,11.285714285714286
2022-05-16,11.428571428571429
2022-05-17,11.571428571428571
2022-05-18,11.714285714285714
2022-05-19,11.857142857142858
2022-05-20,12.0
2022-05-21,14.428571428571429
2022-05-22,16.857142857142858
2022-05-23,19.285714285714285
2022-05-24,21.714285714285715
2022-05-25,24.142857142857142
2022-05-26,26.57142857142857
2022-05-27,29.0
2022-05-28,29.857142857142858
2022-05-29,30.714285714285715
2022-05-30,31.571428571428573
2022-05-31,32.42857142857143
2022-06-01,33.285714285714285
2022-06-02,34.142857142857146
2022-06-03,35.0
2022-06-04,35.714285714285715
2022-06-05,36.42857142857143
2022-06-06,37.142857142857146
2022-06-07,37.857142857142854
2022-06-08,38.57142857142857
2022-06-09,39.285714285714285
2022-06-10,40.0
2022-06-11,36.57142857142857
2022-06-12,33.142857142857146
2022-06-13,29.714285714285715
2022-06-14,26.285714285714285
2022-06-15,22.857142857142858
2022-06-16,19.42857142857143
2022-06-17,16.0
2022-06-18,18.0
2022-06-19,20.0
2022-06-20,22.0
2022-06-21,24.0
2022-06-22,26.0
2022-06-23,28.0
2022-06-24,30.0
2022-06-25,29.142857142857142
2022-06-26,28.285714285714285
2022-06-27,27.428571428571427
2022-06-28,26.571428571428573
2022-06-29,25.714285714285715
2022-06-30,24.857142857142858
2022-07-01,24.0
2022-07-02,25.0
2022-07-03,26.0
2022-07-04,27.0
2022-07-05,28.0
2022-07-06,29.0
2022-07-07,30.0
2022-07-08,31.0
2022-07-09,31.285714285714285
2022-07-10,31.571428571428573
2022-07-11,31.857142857142858
2022-07-12,32.142857142857146
2022-07-13,32.42857142857143
2022-07-14,32.714285714285715
2022-07-15,33.0
2022-07-16,34.285714285714285
2022-07-17,35.57142857142857
2022-07-18,36.857142857142854
2022-07-19,38.142857142857146
2022-07-20,39.42857142857143
2022-07-21,40.714285714285715
2022-07-22,42.0
2022-07-23,43.42857142857143
2022-07-24,44.857142857142854
2022-07-25,46.285714285714285
2022-07-26,47.714285714285715
2022-07-27,49.142857142857146
2022-07-28,50.57142857142857
2022-07-29,52.0
2022-07-30,53.57142857142857
2022-07-31,55.142857142857146
2022-08-01,56.714285714285715
2022-08-02,58.285714285714285
2022-08-03,59.857142857142854
2022-08-04,61.42857142857143
2022-08-05,63.0
2022-08-06,63.714285714285715
2022-08-07,64.42857142857143
2022-08-08,65.14285714285714
2022-08-09,65.85714285714286
2022-08-10,66.57142857142857
2022-08-11,67.28571428571429
2022-08-12,68.0
2022-08-13,67.28571428571429
2022-08-14,66.57142857142857
2022-08-15,65.85714285714286
2022-08-16,65.14285714285714
2022-08-17,64.42857142857143
2022-08-18,63.714285714285715
2022-08-19,63.0
2022-08-20,61.857142857142854
2022-08-21,60.714285714285715
2022-08-22,59.57142857142857
2022-08-23,58.42857142857143
2022-08-24,57.285714285714285
2022-08-25,56.142857142857146
2022-08-26,55.0
2022-08-27,53.142857142857146
2022-08-28,51.285714285714285
2022-08-29,49.42857142857143
2022-08-30,47.57142857142857
2022-08-31,45.714285714285715
2022-09-01,43.857142857142854
2022-09-02,42.0
2022-09-03,42.142857142857146
2022-09-04,42.285714285714285
2022-09-05,42.42857142857143
2022-09-06,42.57142857142857
2022-09-07,42.714285714285715
2022-09-08,42.857142857142854
2022-09-09,43.0
2022-09-10,41.857142857142854
2022-09-11,40.714285714285715
2022-09-12,39.57142857142857
2022-09-13,38.42857142857143
2022-09-14,37.285714285714285
2022-09-15,36.142857142857146
2022-09-16,35.0
2022-09-17,33.0
2022-09-18,31.0
2022-09-19,29.0
2022-09-20,27.0
2022-09-21,25.0
2022-09-22,23.0
2022-09-23,21.0
2022-09-24,20.285714285714285
2022-09-25,19.571428571428573
2022-09-26,18.857142857142858
2022-09-27,18.142857142857142
2022-09-28,17.428571428571427
2022-09-29,16.714285714285715
2022-09-30,16.0
2022-10-01,16.428571428571427
2022-10-02,16.857142857142858
2022-10-03,17.285714285714285
2022-10-04,17.714285714285715
2022-10-05,18.142857142857142
2022-10-06,18.571428571428573
2022-10-07,19.0
2022-10-08,18.571428571428573
2022-10-09,18.142857142857142
2022-10-10,17.714285714285715
2022-10-11,17.285714285714285
2022-10-12,16.857142857142858
2022-10-13,16.428571428571427
2022-10-14,16.0
2022-10-15,19.857142857142858
2022-10-16,23.714285714285715
2022-10-17,27.571428571428573
2022-10-18,31.42857142857143
2022-10-19,35.285714285714285
2022-10-20,39.142857142857146
2022-10-21,43.0
2022-10-22,45.0
2022-10-23,47.0
2022-10-24,49.0
2022-10-25,51.0
2022-10-26,53.0
2022-10-27,55.0
2022-10-28,57.0
2022-10-29,56.857142857142854
2022-10-30,56.714285714285715
2022-10-31,56.57142857142857
2022-11-01,56.42857142857143
2022-11-02,56.285714285714285
2022-11-03,56.142857142857146
2022-11-04,56.0
2022-11-05,57.0
2022-11-06,58.0
2022-11-07,59.0
2022-11-08,60.0
2022-11-09,61.0
2022-11-10,62.0
2022-11-11,63.0
2022-11-12,62.57142857142857
2022-11-13,62.142857142857146
2022-11-14,61.714285714285715
2022-11-15,61.285714285714285
2022-11-16,60.857142857142854
2022-11-17,60.42857142857143
2022-11-18,60.0
2022-11-19,60.42857142857143
2022-11-20,60.857142857142854
2022-11-21,61.285714285714285
2022-11-22,61.714285714285715
2022-11-23,62.142857142857146
2022-11-24,62.57142857142857
2022-11-25,63.0
2022-11-26,63.714285714285715
2022-11-27,64.42857142857143
2022-11-28,65.14285714285714
2022-11-29,65.85714285714286
2022-11-30,66.57142857142857
2022-12-01,67.28571428571429
2022-12-02,68.0
2022-12-03,65.71428571428571
2022-12-04,63.42857142857143
2022-12-05,61.142857142857146
2022-12-06,58.85714285714286
2022-12-07,56.57142857142857
2022-12-08,54.285714285714285
2022-12-09,52.0
2022-12-10,50.857142857142854
2022-12-11,49.714285714285715
2022-12-12,48.57142857142857
2022-12-13,47.42857142857143
2022-12-14,46.285714285714285
2022-12-15,45.142857142857146
2022-12-16,44.0
2022-12-17,43.285714285714285
2022-12-18,42.57142857142857
2022-12-19,41.857142857142854
2022-12-20,41.142857142857146
2022-12-21,40.42857142857143
2022-12-22,39.714285714285715
2022-12-23,39.0
2022-12-24,38.57142857142857
2022-12-25,38.142857142857146
2022-12-26,37.714285714285715
2022-12-27,37.285714285714285
2022-12-28,36.857142857142854
2022-12-29,36.42857142857143
2022-12-30,36.0
2022-12-31,37.285714285714285
2023-01-01,38.57142857142857
2023-01-02,39.857142857142854
2023-01-03,41.142857142857146
2023-01-04,42.42857142857143
2023-01-05,43.714285714285715
2023-01-06,45.0
2023-01-07,47.285714285714285
2023-01-08,49.57142857142857
2023-01-09,51.857142857142854
2023-01-10,54.14285714285714
2023-01-11,56.42857142857143
2023-01-12,58.714285714285715
2023-01-13,61.0
2023-01-14,60.57142857142857
2023-01-15,60.142857142857146
2023-01-16,59.714285714285715
2023-01-17,59.285714285714285
2023-01-18,58.857142857142854
2023-01-19,58.42857142857143
2023-01-20,58.0
2023-01-21,59.57142857142857
2023-01-22,61.142857142857146
2023-01-23,62.714285714285715
2023-01-24,64.28571428571429
2023-01-25,65.85714285714286
2023-01-26,67.42857142857143
2023-01-27,69.0
2023-01-28,70.0
2023-01-29,71.0
2023-01-30,72.0
2023-01-31,73.0
2023-02-01,74.0
2023-02-02,75.0
2023-02-03,76.0
2023-02-04,75.42857142857143
2023-02-05,74.85714285714286
2023-02-06,74.28571428571429
2023-02-07,73.71428571428571
2023-02-08,73.14285714285714
2023-02-09,72.57142857142857
2023-02-10,72.0
2023-02-11,71.57142857142857
2023-02-12,71.14285714285714
2023-02-13,70.71428571428571
2023-02-14,70.28571428571429
2023-02-15,69.85714285714286
2023-02-16,69.42857142857143
2023-02-17,69.0
2023-02-18,67.71428571428571
2023-02-19,66.42857142857143
2023-02-20,65.14285714285714
2023-02-21,63.857142857142854
2023-02-22,62.57142857142857
2023-02-23,61.285714285714285
2023-02-24,60.0
2023-02-25,59.285714285714285
2023-02-26,58.57142857142857
2023-02-27,57.857142857142854
2023-02-28,57.142857142857146
2023-03-01,56.42857142857143
2023-03-02,55.714285714285715
2023-03-03,55.0
2023-03-04,50.857142857142854
2023-03-05,46.714285714285715
2023-03-06,42.57142857142857
2023-03-07,38.42857142857143
2023-03-08,34.285714285714285
2023-03-09,30.14285714285714
2023-03-10,26.0
2023-03-11,26.142857142857142
2023-03-12,26.285714285714285
2023-03-13,26.428571428571427
2023-03-14,26.571428571428573
2023-03-15,26.714285714285715
2023-03-16,26.857142857142858
2023-03-17,27.0
2023-03-18,28.428571428571427
2023-03-19,29.857142857142858
2023-03-20,31.285714285714285
2023-03-21,32.714285714285715
2023-03-22,34.142857142857146
2023-03-23,35.57142857142857
2023-03-24,37.0
2023-03-25,38.714285714285715
2023-03-26,40.42857142857143
2023-03-27,42.142857142857146
2023-03-28,43.857142857142854
2023-03-29,45.57142857142857
2023-03-30,47.285714285714285
2023-03-31,49.0
2023-04-01,50.0
2023-04-02,51.0
2023-04-03,52.0
2023-04-04,53.0
2023-04-05,54.0
2023-04-06,55.0
2023-04-07,56.25
2023-04-08,57.5
2023-04-09,58.75
2023-04-10,60.0
2023-04-11,61.25
2023-04-12,62.5
2023-04-13,63.75
2023-04-14,65.0
2023-04-15,64.71428571428571
2023-04-16,64.42857142857143
2023-04-17,64.14285714285714
2023-04-18,63.857142857142854
2023-04-19,63.57142857142857
2023-04-20,63.285714285714285
2023-04-21,63.0
2023-04-22,62.42857142857143
2023-04-23,61.857142857142854
2023-04-24,61.285714285714285
2023-04-25,60.714285714285715
2023-04-26,60.142857142857146
2023-04-27,59.57142857142857
2023-04-28,59.0
2023-04-29,58.142857142857146
2023-04-30,57.285714285714285
2023-05-01,56.42857142857143
2023-05-02,55.57142857142857
2023-05-03,54.714285714285715
2023-05-04,53.857142857142854
2023-05-05,53.0
2023-05-06,53.57142857142857
2023-05-07,54.142857142857146
2023-05-08,54.714285714285715
2023-05-09,55.285714285714285
2023-05-10,55.857142857142854
2023-05-11,56.42857142857143
2023-05-12,57.0
2023-05-13,58.142857142857146
2023-05-14,59.285714285714285
2023-05-15,60.42857142857143
2023-05-16,61.57142857142857
2023-05-17,62.714285714285715
2023-05-18,63.857142857142854
2023-05-19,65.0
2023-05-20,65.0
2023-05-21,65.0
2023-05-22,65.0
2023-05-23,65.0
2023-05-24,65.0
2023-05-25,65.0
2023-05-26,65.0
2023-05-27,66.42857142857143
2023-05-28,67.85714285714286
2023-05-29,69.28571428571429
2023-05-30,70.71428571428571
2023-05-31,72.14285714285714
2023-06-01,73.57142857142857
2023-06-02,75.0
2023-06-03,75.14285714285714
2023-06-04,75.28571428571429
2023-06-05,75.42857142857143
2023-06-06,75.57142857142857
2023-06-07,75.71428571428571
2023-06-08,75.85714285714286
2023-06-09,76.0
2023-06-10,76.71428571428571
2023-06-11,77.42857142857143
2023-06-12,78.14285714285714
2023-06-13,78.85714285714286
2023-06-14,79.57142857142857
2023-06-15,80.28571428571429
2023-06-16,81.0
2023-06-17,80.14285714285714
2023-06-18,79.28571428571429
2023-06-19,78.42857142857143
2023-06-20,77.57142857142857
2023-06-21,76.71428571428571
2023-06-22,75.85714285714286
2023-06-23,75.0
2023-06-24,75.57142857142857
2023-06-25,76.14285714285714
2023-06-26,76.71428571428571
2023-06-27,77.28571428571429
2023-06-28,77.85714285714286
2023-06-29,78.42857142857143
2023-06-30,79.0
2023-07-01,78.71428571428571
2023-07-02,78.42857142857143
2023-07-03,78.14285714285714
2023-07-04,77.85714285714286
2023-07-05,77.57142857142857
2023-07-06,77.28571428571429
2023-07-07,77.0
2023-07-08,77.28571428571429
2023-07-09,77.57142857142857
2023-07-10,77.85714285714286
2023-07-11,78.14285714285714
2023-07-12,78.42857142857143
2023-07-13,78.71428571428571
2023-07-14,79.0
2023-07-15,79.28571428571429
2023-07-16,79.57142857142857
2023-07-17,79.85714285714286
2023-07-18,80.14285714285714
2023-07-19,80.42857142857143
2023-07-20,80.71428571428571
2023-07-21,81.0
2023-07-22,80.28571428571429
2023-07-23,79.57142857142857
2023-07-24,78.85714285714286
2023-07-25,78.14285714285714
2023-07-26,77.42857142857143
2023-07-27,76.71428571428571
2023-07-28,76.0
2023-07-29,74.28571428571429
2023-07-30,72.57142857142857
2023-07-31,70.85714285714286
2023-08-01,69.14285714285714
2023-08-02,67.42857142857143
2023-08-03,65.71428571428571
2023-08-04,64.0
2023-08-05,64.14285714285714
2023-08-06,64.28571428571429
2023-08-07,64.42857142857143
2023-08-08,64.57142857142857
2023-08-09,64.71428571428571
2023-08-10,64.85714285714286
2023-08-11,65.0
2023-08-12,61.857142857142854
2023-08-13,58.714285714285715
2023-08-14,55.57142857142857
2023-08-15,52.42857142857143
2023-08-16,49.285714285714285
2023-08-17,46.142857142857146
2023-08-18,43.0
2023-08-19,43.57142857142857
2023-08-20,44.142857142857146
2023-08-21,44.714285714285715
2023-08-22,45.285714285714285
2023-08-23,45.857142857142854
2023-08-24,46.42857142857143
2023-08-25,47.0
2023-08-26,48.142857142857146
2023-08-27,49.285714285714285
2023-08-28,50.42857142857143
2023-08-29,51.57142857142857
2023-08-30,52.714285714285715
2023-08-31,53.857142857142854
2023-09-01,55.0
2023-09-02,54.42857142857143
2023-09-03,53.857142857142854
2023-09-04,53.285714285714285
2023-09-05,52.714285714285715
2023-09-06,52.142857142857146
2023-09-07,51.57142857142857
2023-09-08,51.0
2023-09-09,51.142857142857146
2023-09-10,51.285714285714285
2023-09-11,51.42857142857143
2023-09-12,51.57142857142857
2023-09-13,51.714285714285715
2023-09-14,51.857142857142854
2023-09-15,52.0
2023-09-16,49.285714285714285
2023-09-17,46.57142857142857
2023-09-18,43.857142857142854
2023-09-19,41.14285714285714
2023-09-20,38.42857142857143
2023-09-21,35.714285714285715
2023-09-22,33.0
2023-09-23,32.285714285714285
2023-09-24,31.571428571428573
2023-09-25,30.857142857142858
2023-09-26,30.142857142857142
2023-09-27,29.428571428571427
2023-09-28,28.714285714285715
2023-09-29,28.0
2023-09-30,27.857142857142858
2023-10-01,27.714285714285715
2023-10-02,27.571428571428573
2023-10-03,27.428571428571427
2023-10-04,27.285714285714285
2023-10-05,27.142857142857142
2023-10-06,27.0
2023-10-07,26.857142857142858
2023-10-08,26.714285714285715
2023-10-09,26.571428571428573
2023-10-10,26.428571428571427
2023-10-11,26.285714285714285
2023-10-12,26.142857142857142
2023-10-13,26.0
2023-10-14,25.428571428571427
2023-10-15,24.857142857142858
2023-10-16,24.285714285714285
2023-10-17,23.714285714285715
2023-10-18,23.142857142857142
2023-10-19,22.571428571428573
2023-10-20,22.0
2023-10-21,21.857142857142858
2023-10-22,21.714285714285715
2023-10-23,21.571428571428573
2023-10-24,21.428571428571427
2023-10-25,21.285714285714285
2023-10-26,21.142857142857142
2023-10-27,21.0
2023-10-28,23.142857142857142
2023-10-29,25.285714285714285
2023-10-30,27.428571428571427
2023-10-31,29.57142857142857
2023-11-01,31.714285714285715
2023-11-02,33.857142857142854
2023-11-03,36.0
2023-11-04,36.714285714285715
2023-11-05,37.42857142857143
2023-11-06,38.142857142857146
2023-11-07,38.857142857142854
2023-11-08,39.57142857142857
2023-11-09,40.285714285714285
2023-11-10,41.0
2023-11-11,43.42857142857143
2023-11-12,45.857142857142854
2023-11-13,48.285714285714285
2023-11-14,50.714285714285715
2023-11-15,53.14285714285714
2023-11-16,55.57142857142857
2023-11-17,58.0
2023-11-18,59.142857142857146
2023-11-19,60.285714285714285
2023-11-20,61.42857142857143
2023-11-21,62.57142857142857
2023-11-22,63.714285714285715
2023-11-23,64.85714285714286
2023-11-24,66.0
2023-11-25,65.71428571428571
2023-11-26,65.42857142857143
2023-11-27,65.14285714285714
2023-11-28,64.85714285714286
2023-11-29,64.57142857142857
2023-11-30,64.28571428571429
2023-12-01,64.0
2023-12-02,64.14285714285714
2023-12-03,64.28571428571429
2023-12-04,64.42857142857143
2023-12-05,64.57142857142857
2023-12-06,64.71428571428571
2023-12-07,64.85714285714286
2023-12-08,65.0
2023-12-09,65.57142857142857
2023-12-10,66.14285714285714
2023-12-11,66.71428571428571
2023-12-12,67.28571428571429
2023-12-13,67.85714285714286
2023-12-14,68.42857142857143
2023-12-15,69.0
2023-12-16,70.42857142857143
2023-12-17,71.85714285714286
2023-12-18,73.28571428571429
2023-12-19,74.71428571428571
2023-12-20,76.14285714285714
2023-12-21,77.57142857142857
2023-12-22,79.0
2023-12-23,79.14285714285714
2023-12-24,79.28571428571429
2023-12-25,79.42857142857143
2023-12-26,79.57142857142857
2023-12-27,79.71428571428571
2023-12-28,79.85714285714286
2023-12-29,80.0
2023-12-30,79.28571428571429
2023-12-31,78.57142857142857
2024-01-01,77.85714285714286
2024-01-02,77.14285714285714
2024-01-03,76.42857142857143
2024-01-04,75.71428571428571
2024-01-05,75.0
2024-01-06,74.71428571428571
2024-01-07,74.42857142857143
2024-01-08,74.14285714285714
2024-01-09,73.85714285714286
2024-01-10,73.57142857142857
2024-01-11,73.28571428571429
2024-01-12,73.0
2024-01-13,72.85714285714286
2024-01-14,72.71428571428571
2024-01-15,72.57142857142857
2024-01-16,72.42857142857143
2024-01-17,72.28571428571429
2024-01-18,72.14285714285714
2024-01-19,72.0
2024-01-20,72.14285714285714
2024-01-21,72.28571428571429
2024-01-22,72.42857142857143
2024-01-23,72.57142857142857
2024-01-24,72.71428571428571
2024-01-25,72.85714285714286
2024-01-26,73.0
2024-01-27,73.14285714285714
2024-01-28,73.28571428571429
2024-01-29,73.42857142857143
2024-01-30,73.57142857142857
2024-01-31,73.71428571428571
2024-02-01,73.85714285714286
2024-02-02,74.0
2024-02-03,74.14285714285714
2024-02-04,74.28571428571429
2024-02-05,74.42857142857143
2024-02-06,74.57142857142857
2024-02-07,74.71428571428571
2024-02-08,74.85714285714286
2024-02-09,75.0
2024-02-10,74.71428571428571
2024-02-11,74.42857142857143
2024-02-12,74.14285714285714
2024-02-13,73.85714285714286
2024-02-14,73.57142857142857
2024-02-15,73.28571428571429
2024-02-16,73.0
2024-02-17,73.0
2024-02-18,73.0
2024-02-19,73.0
2024-02-20,73.0
2024-02-21,73.0
2024-02-22,73.0
2024-02-23,73.0
2024-02-24,73.42857142857143
2024-02-25,73.85714285714286
2024-02-26,74.28571428571429
2024-02-27,74.71428571428571
2024-02-28,75.14285714285714
2024-02-29,75.57142857142857
2024-03-01,76.0
2024-03-02,75.14285714285714
2024-03-03,74.28571428571429
2024-03-04,73.42857142857143
2024-03-05,72.57142857142857
2024-03-06,71.71428571428571
2024-03-07,70.85714285714286
2024-03-08,70.0
2024-03-09,69.71428571428571
2024-03-10,69.42857142857143
2024-03-11,69.14285714285714
2024-03-12,68.85714285714286
2024-03-13,68.57142857142857
2024-03-14,68.28571428571429
2024-03-15,68.0
2024-03-16,68.14285714285714
2024-03-17,68.28571428571429
2024-03-18,68.42857142857143
2024-03-19,68.57142857142857
2024-03-20,68.71428571428571
2024-03-21,68.85714285714286
2024-03-22,69.0
2024-03-23,68.83333333333333
2024-03-24,68.66666666666667
2024-03-25,68.5
2024-03-26,68.33333333333333
2024-03-27,68.16666666666667
2024-03-28,68.0
2024-03-29,66.75
2024-03-30,65.5
2024-03-31,64.25
2024-04-01,63.0
2024-04-02,61.75
2024-04-03,60.5
2024-04-04,59.25
2024-04-05,58.0
2024-04-06,56.142857142857146
2024-04-07,54.285714285714285
2024-04-08,52.42857142857143
2024-04-09,50.57142857142857
2024-04-10,48.714285714285715
2024-04-11,46.857142857142854
2024-04-12,45.0
2024-04-13,42.42857142857143
2024-04-14,39.857142857142854
2024-04-15,37.285714285714285
2024-04-16,34.714285714285715
2024-04-17,32.14285714285714
2024-04-18,29.57142857142857
2024-04-19,27.0
2024-04-20,28.857142857142858
2024-04-21,30.714285714285715
2024-04-22,32.57142857142857
2024-04-23,34.42857142857143
2024-04-24,36.285714285714285
2024-04-25,38.142857142857146
2024-04-26,40.0
2024-04-27,40.42857142857143
2024-04-28,40.857142857142854
2024-04-29,41.285714285714285
2024-04-30,41.714285714285715
2024-05-01,42.142857142857146
2024-05-02,42.57142857142857
2024-05-03,43.0
2024-05-04,43.42857142857143
2024-05-05,43.857142857142854
2024-05-06,44.285714285714285
2024-05-07,44.714285714285715
2024-05-08,45.142857142857146
2024-05-09,45.57142857142857
2024-05-10,46.0
2024-05-11,48.285714285714285
2024-05-12,50.57142857142857
2024-05-13,52.857142857142854
2024-05-14,55.14285714285714
2024-05-15,57.42857142857143
2024-05-16,59.714285714285715
2024-05-17,62.0
2024-05-18,60.42857142857143
2024-05-19,58.857142857142854
2024-05-20,57.285714285714285
2024-05-21,55.714285714285715
2024-05-22,54.142857142857146
2024-05-23,52.57142857142857
2024-05-24,51.0
2024-05-25,50.57142857142857
2024-05-26,50.142857142857146
2024-05-27,49.714285714285715
2024-05-28,49.285714285714285
2024-05-29,48.857142857142854
2024-05-30,48.42857142857143
2024-05-31,48.0
2024-06-01,47.285714285714285
2024-06-02,46.57142857142857
2024-06-03,45.857142857142854
2024-06-04,45.142857142857146
2024-06-05,44.42857142857143
2024-06-06,43.714285714285715
2024-06-07,43.0
2024-06-08,42.714285714285715
2024-06-09,42.42857142857143
2024-06-10,42.142857142857146
2024-06-11,41.857142857142854
2024-06-12,41.57142857142857
2024-06-13,41.285714285714285
2024-06-14,41.0
2024-06-15,40.714285714285715
2024-06-16,40.42857142857143
2024-06-17,40.142857142857146
2024-06-18,39.857142857142854
2024-06-19,39.57142857142857
2024-06-20,39.285714285714285
2024-06-21,39.0
2024-06-22,39.714285714285715
2024-06-23,40.42857142857143
2024-06-24,41.142857142857146
2024-06-25,41.857142857142854
2024-06-26,42.57142857142857
2024-06-27,43.285714285714285
2024-06-28,44.0
2024-06-29,44.714285714285715
2024-06-30,45.42857142857143
2024-07-01,46.142857142857146
2024-07-02,46.857142857142854
2024-07-03,47.57142857142857
2024-07-04,48.285714285714285
2024-07-05,49.0
2024-07-06,49.714285714285715
2024-07-07,50.42857142857143
2024-07-08,51.142857142857146
2024-07-09,51.857142857142854
2024-07-10,52.57142857142857
2024-07-11,53.285714285714285
2024-07-12,54.0
2024-07-13,52.42857142857143
2024-07-14,50.857142857142854
2024-07-15,49.285714285714285
2024-07-16,47.714285714285715
2024-07-17,46.142857142857146
2024-07-18,44.57142857142857
2024-07-19,43.0
2024-07-20,42.857142857142854
2024-07-21,42.714285714285715
2024-07-22,42.57142857142857
2024-07-23,42.42857142857143
2024-07-24,42.285714285714285
2024-07-25,42.142857142857146
2024-07-26,42.0
2024-07-27,41.857142857142854
2024-07-28,41.714285714285715
2024-07-29,41.57142857142857
2024-07-30,41.42857142857143
2024-07-31,41.285714285714285
2024-08-01,41.142857142857146
2024-08-02,41.0
2024-08-03,38.57142857142857
2024-08-04,36.142857142857146
2024-08-05,33.714285714285715
2024-08-06,31.285714285714285
2024-08-07,28.857142857142858
2024-08-08,26.42857142857143
2024-08-09,24.0
2024-08-10,25.285714285714285
2024-08-11,26.571428571428573
2024-08-12,27.857142857142858
2024-08-13,29.142857142857142
2024-08-14,30.42857142857143
2024-08-15,31.714285714285715
2024-08-16,33.0
2024-08-17,35.57142857142857
2024-08-18,38.142857142857146
2024-08-19,40.714285714285715
2024-08-20,43.285714285714285
2024-08-21,45.85714285714286
2024-08-22,48.42857142857143
2024-08-23,51.0
2024-08-24,52.285714285714285
2024-08-25,53.57142857142857
2024-08-26,54.857142857142854
2024-08-27,56.142857142857146
2024-08-28,57.42857142857143
2024-08-29,58.714285714285715
2024-08-30,60.0
2024-08-31,57.0
2024-09-01,54.0
2024-09-02,51.0
2024-09-03,48.0
2024-09-04,45.0
2024-09-05,42.0
2024-09-06,39.0
2024-09-07,40.285714285714285
2024-09-08,41.57142857142857
2024-09-09,42.857142857142854
2024-09-10,44.142857142857146
2024-09-11,45.42857142857143
2024-09-12,46.714285714285715
2024-09-13,48.0
2024-09-14,49.857142857142854
2024-09-15,51.714285714285715
2024-09-16,53.57142857142857
2024-09-17,55.42857142857143
2024-09-18,57.285714285714285
2024-09-19,59.142857142857146
2024-09-20,61.0
2024-09-21,61.857142857142854
2024-09-22,62.714285714285715
2024-09-23,63.57142857142857
2024-09-24,64.42857142857143
2024-09-25,65.28571428571429
2024-09-26,66.14285714285714
2024-09-27,67.0
2024-09-28,67.57142857142857
2024-09-29,68.14285714285714
2024-09-30,68.71428571428571
2024-10-01,69.28571428571429
2024-10-02,69.85714285714286
2024-10-03,70.42857142857143
2024-10-04,71.0
2024-10-05,71.0
2024-10-06,71.0
2024-10-07,71.0
2024-10-08,71.0
2024-10-09,71.0
2024-10-10,71.0
2024-10-11,71.0
2024-10-12,71.14285714285714
2024-10-13,71.28571428571429
2024-10-14,71.42857142857143
2024-10-15,71.57142857142857
2024-10-16,71.71428571428571
2024-10-17,71.85714285714286
2024-10-18,72.0
2024-10-19,70.0
2024-10-20,68.0
2024-10-21,66.0
2024-10-22,64.0
2024-10-23,62.0
2024-10-24,60.0
2024-10-25,58.0
2024-10-26,56.857142857142854
2024-10-27,55.714285714285715
2024-10-28,54.57142857142857
2024-10-29,53.42857142857143
2024-10-30,52.285714285714285
2024-10-31,51.142857142857146
2024-11-01,50.0
2024-11-02,51.285714285714285
2024-11-03,52.57142857142857
2024-11-04,53.857142857142854
2024-11-05,55.142857142857146
2024-11-06,56.42857142857143
2024-11-07,57.714285714285715
2024-11-08,59.0
2024-11-09,57.857142857142854
2024-11-10,56.714285714285715
2024-11-11,55.57142857142857
2024-11-12,54.42857142857143
2024-11-13,53.285714285714285
2024-11-14,52.142857142857146
2024-11-15,51.0
2024-11-16,52.285714285714285
2024-11-17,53.57142857142857
2024-11-18,54.857142857142854
2024-11-19,56.142857142857146
2024-11-20,57.42857142857143
2024-11-21,58.714285714285715
2024-11-22,60.0
2024-11-23,60.714285714285715
2024-11-24,61.42857142857143
2024-11-25,62.142857142857146
2024-11-26,62.857142857142854
2024-11-27,63.57142857142857
2024-11-28,64.28571428571429
2024-11-29,65.0
2024-11-30,63.142857142857146
2024-12-01,61.285714285714285
2024-12-02,59.42857142857143
2024-12-03,57.57142857142857
2024-12-04,55.714285714285715
2024-12-05,53.857142857142854
2024-12-06,52.0
2024-12-07,51.57142857142857
2024-12-08,51.142857142857146
2024-12-09,50.714285714285715
2024-12-10,50.285714285714285
2024-12-11,49.857142857142854
2024-12-12,49.42857142857143
2024-12-13,49.0
2024-12-14,45.857142857142854
2024-12-15,42.714285714285715
2024-12-16,39.57142857142857
2024-12-17,36.42857142857143
2024-12-18,33.285714285714285
2024-12-19,30.142857142857142
2024-12-20,27.0
2024-12-21,27.857142857142858
2024-12-22,28.714285714285715
2024-12-23,29.571428571428573
2024-12-24,30.428571428571427
2024-12-25,31.285714285714285
2024-12-26,32.142857142857146
2024-12-27,33.0
2024-12-28,31.25
2024-12-29,29.5
2024-12-30,27.75
2024-12-31,26.0
2025-01-01,26.666666666666668
2025-01-02,27.333333333333332
2025-01-03,28.0
2025-01-04,27.571428571428573
2025-01-05,27.142857142857142
2025-01-06,26.714285714285715
2025-01-07,26.285714285714285
2025-01-08,25.857142857142858
2025-01-09,25.428571428571427
2025-01-10,25.0
2025-01-11,26.571428571428573
2025-01-12,28.142857142857142
2025-01-13,29.714285714285715
2025-01-14,31.285714285714285
2025-01-15,32.857142857142854
2025-01-16,34.42857142857143
2025-01-17,36.0
2025-01-18,37.285714285714285
2025-01-19,38.57142857142857
2025-01-20,39.857142857142854
2025-01-21,41.142857142857146
2025-01-22,42.42857142857143
2025-01-23,43.714285714285715
2025-01-24,45.0
2025-01-25,44.714285714285715
2025-01-26,44.42857142857143
2025-01-27,44.142857142857146
2025-01-28,43.857142857142854
2025-01-29,43.57142857142857
2025-01-30,43.285714285714285
2025-01-31,43.0
2025-02-01,42.285714285714285
2025-02-02,41.57142857142857
2025-02-03,40.857142857142854
2025-02-04,40.142857142857146
2025-02-05,39.42857142857143
2025-02-06,38.714285714285715
2025-02-07,38.0
2025-02-08,38.714285714285715
2025-02-09,39.42857142857143
2025-02-10,40.142857142857146
2025-02-11,40.857142857142854
2025-02-12,41.57142857142857
2025-02-13,42.285714285714285
2025-02-14,43.0
2025-02-15,42.0
2025-02-16,41.0
2025-02-17,40.0
2025-02-18,39.0
2025-02-19,38.0
2025-02-20,37.0
2025-02-21,36.0
2025-02-22,33.714285714285715
2025-02-23,31.42857142857143
2025-02-24,29.142857142857142
2025-02-25,26.857142857142858
2025-02-26,24.571428571428573
2025-02-27,22.285714285714285
2025-02-28,20.0
2025-03-01,19.571428571428573
2025-03-02,19.142857142857142
2025-03-03,18.714285714285715
2025-03-04,18.285714285714285
2025-03-05,17.857142857142858
2025-03-06,17.428571428571427
2025-03-07,17.0
2025-03-08,17.714285714285715
2025-03-09,18.428571428571427
2025-03-10,19.142857142857142
2025-03-11,19.857142857142858
2025-03-12,20.571428571428573
2025-03-13,21.285714285714285
2025-03-14,22.0
2025-03-15,22.428571428571427
2025-03-16,22.857142857142858
2025-03-17,23.285714285714285
2025-03-18,23.714285714285715
2025-03-19,24.142857142857142
2025-03-20,24.571428571428573
2025-03-21,25.0
2025-03-22,24.428571428571427
2025-03-23,23.857142857142858
2025-03-24,23.285714285714285
2025-03-25,22.714285714285715
2025-03-26,22.142857142857142
2025-03-27,21.571428571428573
2025-03-28,21.0
2025-03-29,18.428571428571427
2025-03-30,15.857142857142858
2025-03-31,13.285714285714285
2025-04-01,10.714285714285714
2025-04-02,8.142857142857142
2025-04-03,5.57142857142857
2025-04-04,3.0
2025-04-05,5.285714285714286
2025-04-06,7.571428571428571
2025-04-07,9.857142857142858
2025-04-08,12.142857142857142
2025-04-09,14.428571428571427
2025-04-10,16.714285714285715
2025-04-11,19.0
2025-04-12,19.166666666666668
2025-04-13,19.333333333333332
2025-04-14,19.5
2025-04-15,19.666666666666668
2025-04-16,19.833333333333332
2025-04-17,20.0
2025-04-18,21.875
2025-04-19,23.75
2025-04-20,25.625
2025-04-21,27.5
2025-04-22,29.375
2025-04-23,31.25
2025-04-24,33.125
2025-04-25,35.0
2025-04-26,37.714285714285715
2025-04-27,40.42857142857143
2025-04-28,43.142857142857146
2025-04-29,45.85714285714286
2025-04-30,48.57142857142857
2025-05-01,51.285714285714285
2025-05-02,54.0
2025-05-03,55.285714285714285
2025-05-04,56.57142857142857
2025-05-05,57.857142857142854
2025-05-06,59.142857142857146
2025-05-07,60.42857142857143
2025-05-08,61.714285714285715
2025-05-09,63.0
2025-05-10,64.0
2025-05-11,65.0
2025-05-12,66.0
2025-05-13,67.0
2025-05-14,68.0
2025-05-15,69.0
2025-05-16,70.0
2025-05-17,69.14285714285714
2025-05-18,68.28571428571429
2025-05-19,67.42857142857143
2025-05-20,66.57142857142857
2025-05-21,65.71428571428571
2025-05-22,64.85714285714286
2025-05-23,64.0
2025-05-24,63.714285714285715
2025-05-25,63.42857142857143
2025-05-26,63.142857142857146
2025-05-27,62.857142857142854
2025-05-28,62.57142857142857
2025-05-29,62.285714285714285
2025-05-30,62.0
2025-05-31,62.142857142857146
2025-06-01,62.285714285714285
2025-06-02,62.42857142857143
2025-06-03,62.57142857142857
2025-06-04,62.714285714285715
2025-06-05,62.857142857142854
2025-06-06,63.0
2025-06-07,62.57142857142857
2025-06-08,62.142857142857146
2025-06-09,61.714285714285715
2025-06-10,61.285714285714285
2025-06-11,60.857142857142854
2025-06-12,60.42857142857143
2025-06-13,60.0
2025-06-14,59.285714285714285
2025-06-15,58.57142857142857
2025-06-16,57.857142857142854
2025-06-17,57.142857142857146
2025-06-18,56.42857142857143
2025-06-19,55.714285714285715
2025-06-20,55.0
2025-06-21,56.42857142857143
2025-06-22,57.857142857142854
2025-06-23,59.285714285714285
2025-06-24,60.714285714285715
2025-06-25,62.142857142857146
2025-06-26,63.57142857142857
2025-06-27,65.0
2025-06-28,67.16666666666667
2025-06-29,69.33333333333333
2025-06-30,71.5
2025-07-01,73.66666666666667
2025-07-02,75.83333333333333
2025-07-03,78.0
2025-07-04,77.625
2025-07-05,77.25
2025-07-06,76.875
2025-07-07,76.5
2025-07-08,76.125
2025-07-09,75.75
2025-07-10,75.375
2025-07-11,75.0
2025-07-12,74.85714285714286
2025-07-13,74.71428571428571
2025-07-14,74.57142857142857
2025-07-15,74.42857142857143
2025-07-16,74.28571428571429
2025-07-17,74.14285714285714
2025-07-18,74.0
2025-07-19,74.14285714285714
2025-07-20,74.28571428571429
2025-07-21,74.42857142857143
2025-07-22,74.57142857142857
2025-07-23,74.71428571428571
2025-07-24,74.85714285714286
2025-07-25,75.0
2025-07-26,71.42857142857143
2025-07-27,67.85714285714286
2025-07-28,64.28571428571429
2025-07-29,60.714285714285715
2025-07-30,57.14285714285714
2025-07-31,53.57142857142857
2025-08-01,50.0
2025-08-02,51.142857142857146
2025-08-03,52.285714285714285
2025-08-04,53.42857142857143
2025-08-05,54.57142857142857
2025-08-06,55.714285714285715
2025-08-07,56.857142857142854
2025-08-08,58.0
2025-08-09,58.857142857142854
2025-08-10,59.714285714285715
2025-08-11,60.57142857142857
2025-08-12,61.42857142857143
2025-08-13,62.285714285714285
2025-08-14,63.142857142857146
2025-08-15,64.0
2025-08-16,63.714285714285715
2025-08-17,63.42857142857143
2025-08-18,63.142857142857146
2025-08-19,62.857142857142854
2025-08-20,62.57142857142857
2025-08-21,62.285714285714285
2025-08-22,62.0
2025-08-23,61.857142857142854
2025-08-24,61.714285714285715
2025-08-25,61.57142857142857
2025-08-26,61.42857142857143
2025-08-27,61.285714285714285
2025-08-28,61.142857142857146
2025-08-29,61.0
2025-08-30,59.857142857142854
2025-08-31,58.714285714285715
2025-09-01,57.57142857142857
2025-09-02,56.42857142857143
2025-09-03,55.285714285714285
2025-09-04,54.142857142857146
2025-09-05,53.0
2025-09-06,53.142857142857146
2025-09-07,53.285714285714285
2025-09-08,53.42857142857143
2025-09-09,53.57142857142857
2025-09-10,53.714285714285715
2025-09-11,53.857142857142854
2025-09-12,54.0
2025-09-13,55.142857142857146
2025-09-14,56.285714285714285
2025-09-15,57.42857142857143
2025-09-16,58.57142857142857
2025-09-17,59.714285714285715
2025-09-18,60.857142857142854
2025-09-19,62.0
2025-09-20,62.0
2025-09-21,62.0
2025-09-22,62.0
2025-09-23,58.0
2025-09-24,55.0
2025-09-25,52.0
2025-09-26,54.0
2025-09-27,53.0
2025-09-28,52.0
2025-09-29,51.0
2025-09-30,50.0
2025-10-01,50.0
2025-10-02,54.0
2025-10-03,54.0
2025-10-04,55.0
2025-10-05,56.0
2025-10-06,57.0
2025-10-07,50.0
2025-10-08,52.0
2025-10-09,47.0
2025-10-10,32.0
2025-10-11,31.0
2025-10-12,30.0
2025-10-13,29.0
2025-10-14,32.0
2025-10-15,31.0
2025-10-16,23.0
2025-10-17,29.0
2025-10-18,29.333333333333332
2025-10-19,29.666666666666668
2025-10-20,30.0
2025-10-21,29.0
2025-10-22,26.0
2025-10-23,29.0
2025-10-24,33.0
2025-10-25,34.666666666666664
2025-10-26,36.333333333333336
2025-10-27,38.0
2025-10-28,39.0
2025-10-29,40.0
2025-10-30,36.0
2025-10-31,48.0
2025-11-01,41.666666666666664
2025-11-02,35.333333333333336
2025-11-03,29.0
2025-11-04,22.0
2025-11-05,30.0
2025-11-06,18.0
2025-11-07,25.0
2025-11-08,26.666666666666668
2025-11-09,28.333333333333332
2025-11-10,30.0
2025-11-11,35.0
2025-11-12,33.0
2025-11-13,18.0
2025-11-14,21.0
2025-11-15,18.333333333333332
2025-11-16,15.666666666666668
2025-11-17,13.0
2025-11-18,12.0
2025-11-19,15.0
2025-11-20,7.0
2025-11-21,12.0
2025-11-22,12.666666666666666
2025-11-23,13.333333333333334
2025-11-24,14.0
